<?xml version="1.0" encoding="UTF-8"?>
<!--

    Copyright (C) 2009-2020 SAP SE or an SAP affiliate company. All rights reserved.
 
-->
<edmx:Edmx Version="1.0" xmlns:edmx="http://schemas.microsoft.com/ado/2007/06/edmx" xmlns:m="http://schemas.microsoft.com/ado/2007/08/dataservices/metadata" xmlns:sap="http://www.sap.com/Protocols/SAPData">
	<edmx:Reference Uri="" xmlns:edmx="http://docs.oasis-open.org/odata/ns/edmx">
		<edmx:Include Alias="Common" Namespace="com.sap.vocabularies.Common.v1"/>
	</edmx:Reference>
	<edmx:DataServices m:DataServiceVersion="2.0">
		<Schema Namespace="GRCAUD_AUDIT_SRV" sap:schema-version="1" xml:lang="en" xmlns="http://schemas.microsoft.com/ado/2008/09/edm">
			<EntityType Name="NameValuePair" sap:content-version="1">
				<Key>
					<PropertyRef Name="Name"/>
				</Key>
				<Property Name="Value" Nullable="false" Type="Edm.String" sap:creatable="false" sap:filterable="false" sap:sortable="false" sap:unicode="false" sap:updatable="false"/>
				<Property Name="Name" Nullable="false" Type="Edm.String" sap:creatable="false" sap:filterable="false" sap:sortable="false" sap:unicode="false" sap:updatable="false"/>
			</EntityType>
			<EntityType Name="FRA_IV_UserInformationType" sap:content-version="1" sap:label="User Information">
				<Key>
					<PropertyRef Name="UserID"/>
				</Key>
				<Property MaxLength="12" Name="UserID" Nullable="false" Type="Edm.String" sap:display-format="UpperCase" sap:label="User" sap:text="UserName"/>
				<Property MaxLength="255" Name="UserPhotoURL" Type="Edm.String" sap:creatable="false" sap:display-format="UpperCase" sap:label="Photo URL" sap:updatable="false"/>
				<Property MaxLength="80" Name="UserName" Type="Edm.String" sap:label="Full Name"/>
				<Property MaxLength="40" Name="Department" Type="Edm.String" sap:label="Department"/>
				<Property MaxLength="10" Name="Building" Type="Edm.String" sap:label="Building code"/>
				<Property MaxLength="10" Name="RoomNumber" Type="Edm.String" sap:label="Room Number"/>
				<Property MaxLength="10" Name="Floor" Type="Edm.String" sap:label="Floor"/>
				<Property MaxLength="30" Name="TelephoneNumber" Type="Edm.String" sap:display-format="UpperCase" sap:label="Telephone number"/>
				<Property MaxLength="241" Name="EmailAddress" Type="Edm.String" sap:label="E-Mail Address"/>
				<Property MaxLength="1" Name="UserType" Type="Edm.String" sap:label="User Type"/>
			</EntityType>
			<EntityType Name="GRCAUD_CV_AdtblByAuditType" sap:content-version="1" sap:label="AuditableItems BY Audit">
				<Key>
					<PropertyRef Name="DBKey"/>
					<PropertyRef Name="AuditableItemKey"/>
				</Key>
				<Property Name="DBKey" Nullable="false" Type="Edm.Guid" sap:label="UUID"/>
				<Property Name="AuditableItemKey" Nullable="false" Type="Edm.Guid" sap:label="UUID"/>
				<Property MaxLength="30" Name="ID" Type="Edm.String" sap:label="ID"/>
				<Property MaxLength="100" Name="Title" Type="Edm.String" sap:label="Name"/>
				<Property Name="FreezeTime" Precision="7" Type="Edm.DateTimeOffset" sap:label="Frozen On"/>
				<Property Name="ValidTo" Precision="7" Type="Edm.DateTimeOffset" sap:label="Valid To"/>
				<Property Name="MasterReference" Type="Edm.Guid" sap:label="UUID"/>
				<Property MaxLength="2" Name="ReleaseStatus" Type="Edm.String" sap:display-format="UpperCase" sap:label="Release Status"/>
				<Property MaxLength="2" Name="Status" Type="Edm.String" sap:display-format="NonNegative" sap:label="Status" sap:text="StatusText"/>
				<Property MaxLength="60" Name="StatusText" Type="Edm.String" sap:label="Status"/>
				<Property MaxLength="10" Name="AuditGroup" Type="Edm.String" sap:display-format="UpperCase" sap:label="Group" sap:text="AuditGroupText"/>
				<Property MaxLength="40" Name="AuditGroupText" Type="Edm.String" sap:label="Group"/>
				<Property MaxLength="2" Name="ImpactLevel" Type="Edm.String" sap:label="Impact Level"/>
				<Property MaxLength="3" Name="RiskLevel" Type="Edm.String" sap:display-format="UpperCase" sap:label="Risk Level"/>
				<Property MaxLength="2" Name="RiskSequence" Type="Edm.String" sap:display-format="NonNegative" sap:label="Risk Level Sequence"/>
				<Property MaxLength="3" Name="LikelihoodLevel" Type="Edm.String" sap:label="Likelihood Level"/>
				<Property Name="RequestedAt" Precision="0" Type="Edm.DateTime" sap:display-format="Date" sap:label="Date of Request"/>
				<Property Name="Source" Type="Edm.String" sap:label="Source"/>
				<Property Name="Description" Type="Edm.String" sap:label="Description"/>
				<Property Name="CreatedAt" Precision="7" Type="Edm.DateTimeOffset" sap:label="Creation Timestamp"/>
				<Property MaxLength="12" Name="CreatedBy" Type="Edm.String" sap:display-format="UpperCase" sap:label="Created by User"/>
				<Property Name="LastChangedAt" Precision="7" Type="Edm.DateTimeOffset" sap:label="Changed Timestamp"/>
				<Property MaxLength="12" Name="LastChangedBy" Type="Edm.String" sap:display-format="UpperCase" sap:label="Changed by User"/>
				<Property Name="RiskScore" Type="Edm.Int32" sap:label="Risk Score"/>
				<Property Name="HighestRiskScore" Type="Edm.Int32" sap:label="Highest Risk Score"/>
			</EntityType>
			<EntityType Name="GRCAUD_CV_AuditActivityHistoryType" sap:content-version="1" sap:label="Activity History of Audit">
				<Key>
					<PropertyRef Name="DBKey"/>
				</Key>
				<Property Name="DBKey" Nullable="false" Type="Edm.Guid" sap:creatable="false" sap:label="UUID" sap:updatable="false"/>
				<Property Name="RootKey" Type="Edm.Guid" sap:label="UUID"/>
				<Property MaxLength="10" Name="AuditGroup" Type="Edm.String" sap:display-format="UpperCase" sap:label="Group"/>
				<Property Name="ChangeDocumentRootKey" Type="Edm.Guid" sap:label="UUID"/>
				<Property MaxLength="16" Name="TableName" Type="Edm.String" sap:display-format="UpperCase"/>
				<Property MaxLength="100" Name="ObjectTitle" Type="Edm.String" sap:label="Name"/>
				<Property MaxLength="30" Name="Action" Type="Edm.String" sap:display-format="UpperCase" sap:label="Action"/>
				<Property Name="ActionLevel" Type="Edm.Byte" sap:label="Level"/>
				<Property Name="Timestamp" Precision="0" Type="Edm.DateTimeOffset" sap:label="Time Stamp"/>
				<Property MaxLength="2" Name="HostStatus" Type="Edm.String" sap:display-format="UpperCase" sap:label="Status Key"/>
				<Property Name="HostBOKey" Type="Edm.Guid" sap:label="UUID"/>
				<Property Name="HostNodeKey" Type="Edm.Guid" sap:label="UUID"/>
				<Property MaxLength="6" Name="ObjectType" Type="Edm.String" sap:display-format="UpperCase" sap:label="Business Object"/>
				<Property Name="HostKey" Type="Edm.Guid" sap:label="UUID"/>
				<Property MaxLength="12" Name="UserID" Type="Edm.String" sap:display-format="UpperCase" sap:label="User Name"/>
				<Property MaxLength="50" Name="Delegatee" Type="Edm.String" sap:label="User ID"/>
				<Property MaxLength="12" Name="PerformedBy" Type="Edm.String" sap:display-format="UpperCase"/>
				<Property MaxLength="80" Name="PerformedByUserName" Type="Edm.String" sap:display-format="UpperCase"/>
				<Property Name="CommentText" Type="Edm.String"/>
				<Property MaxLength="255" Name="IconURL" Type="Edm.String" sap:display-format="UpperCase"/>
				<Property MaxLength="32" Name="ObjectID" Type="Edm.String" sap:display-format="UpperCase"/>
				<NavigationProperty FromRole="FromRole_assoc_848005675B1466E6337B36040FD159DF" Name="to_ChangeDocuments" Relationship="GRCAUD_AUDIT_SRV.assoc_848005675B1466E6337B36040FD159DF" ToRole="ToRole_assoc_848005675B1466E6337B36040FD159DF"/>
				<NavigationProperty FromRole="FromRole_assoc_E87F789C38450E86058C51A9BA18134F" Name="to_delegatee" Relationship="GRCAUD_AUDIT_SRV.assoc_E87F789C38450E86058C51A9BA18134F" ToRole="ToRole_assoc_E87F789C38450E86058C51A9BA18134F"/>
				<NavigationProperty FromRole="FromRole_assoc_4B970C212BFF0C5051FCE08769D84024" Name="to_PerformedBy" Relationship="GRCAUD_AUDIT_SRV.assoc_4B970C212BFF0C5051FCE08769D84024" ToRole="ToRole_assoc_4B970C212BFF0C5051FCE08769D84024"/>
				<NavigationProperty FromRole="FromRole_assoc_716283DFA2E2B9962FF1CBD2E68998DB" Name="to_RoleChangeDocuments" Relationship="GRCAUD_AUDIT_SRV.assoc_716283DFA2E2B9962FF1CBD2E68998DB" ToRole="ToRole_assoc_716283DFA2E2B9962FF1CBD2E68998DB"/>
				<NavigationProperty FromRole="FromRole_assoc_F73BE3A97AC0818AA44D4240384F7EEA" Name="to_user" Relationship="GRCAUD_AUDIT_SRV.assoc_F73BE3A97AC0818AA44D4240384F7EEA" ToRole="ToRole_assoc_F73BE3A97AC0818AA44D4240384F7EEA"/>
			</EntityType>
			<EntityType Name="GRCAUD_CV_AuditCountType" sap:content-version="1" sap:label="Audit Count">
				<Key>
					<PropertyRef Name="DBKey"/>
				</Key>
				<Property Name="DBKey" Nullable="false" Type="Edm.Guid" sap:label="UUID"/>
				<Property Name="AdtblCount" Type="Edm.Int32"/>
				<Property Name="DimCount" Type="Edm.Int32"/>
				<Property Name="OrgCount" Type="Edm.Int32"/>
				<Property Name="RiskCount" Type="Edm.Int32"/>
			</EntityType>
			<EntityType Name="GRCAUD_CV_ChangeDocForUserRoleType" sap:content-version="1" sap:label="Change document for user role">
				<Key>
					<PropertyRef Name="TableKey"/>
					<PropertyRef Name="TableName"/>
					<PropertyRef Name="ObjectID"/>
					<PropertyRef Name="DocumentChangeNumber"/>
					<PropertyRef Name="FieldName"/>
				</Key>
				<Property MaxLength="70" Name="TableKey" Nullable="false" Type="Edm.String" sap:display-format="UpperCase" sap:label="Table Key"/>
				<Property MaxLength="30" Name="TableName" Nullable="false" Type="Edm.String" sap:display-format="UpperCase" sap:label="Table Name"/>
				<Property MaxLength="90" Name="ObjectID" Nullable="false" Type="Edm.String" sap:display-format="UpperCase" sap:label="Object value"/>
				<Property MaxLength="10" Name="DocumentChangeNumber" Nullable="false" Type="Edm.String" sap:display-format="UpperCase" sap:label="Document number"/>
				<Property MaxLength="30" Name="FieldName" Nullable="false" Type="Edm.String" sap:display-format="UpperCase" sap:label="Field Name"/>
				<Property MaxLength="1" Name="ChangeType" Type="Edm.String" sap:display-format="UpperCase" sap:label="Change Indicator"/>
				<Property Name="CreateAt" Precision="21" Scale="7" Type="Edm.Decimal"/>
				<Property MaxLength="254" Name="OldContents" Type="Edm.String" sap:display-format="UpperCase" sap:label="Old value"/>
				<Property MaxLength="254" Name="NewContents" Type="Edm.String" sap:display-format="UpperCase" sap:label="New value"/>
				<Property MaxLength="1" Name="IsLongText" Type="Edm.String" sap:display-format="UpperCase"/>
				<Property MaxLength="1" Name="IntType" Type="Edm.String" sap:label="ABAP type"/>
				<Property MaxLength="10" Name="DataType" Type="Edm.String" sap:display-format="UpperCase" sap:label="Data Type"/>
				<Property MaxLength="30" Name="DataElement" Type="Edm.String" sap:display-format="UpperCase" sap:label="Data element"/>
				<Property MaxLength="20" Name="DataText" Type="Edm.String" sap:label="Medium Field Label"/>
				<Property Name="DateChanged" Precision="0" Type="Edm.DateTime" sap:display-format="Date" sap:label="Date"/>
				<Property Name="TimeChanged" Precision="0" Type="Edm.Time" sap:label="Time"/>
				<Property Name="ObjectIDBinary" Type="Edm.Guid" sap:label="UUID"/>
				<Property MaxLength="80" Name="NewContentName" Type="Edm.String" sap:label="Full Name"/>
				<Property MaxLength="80" Name="OldContentName" Type="Edm.String" sap:label="Full Name"/>
				<Property MaxLength="100" Name="ChangedFieldName" Type="Edm.String" sap:display-format="UpperCase"/>
			</EntityType>
			<EntityType Name="GRCAUD_CV_ChangeDocumentType" sap:content-version="1" sap:label="Change Document">
				<Key>
					<PropertyRef Name="TableKey"/>
					<PropertyRef Name="TableName"/>
					<PropertyRef Name="ObjectID"/>
					<PropertyRef Name="DocumentChangeNumber"/>
					<PropertyRef Name="FieldName"/>
				</Key>
				<Property MaxLength="70" Name="TableKey" Nullable="false" Type="Edm.String" sap:display-format="UpperCase" sap:label="Table Key"/>
				<Property MaxLength="30" Name="TableName" Nullable="false" Type="Edm.String" sap:display-format="UpperCase" sap:label="Table Name"/>
				<Property MaxLength="90" Name="ObjectID" Nullable="false" Type="Edm.String" sap:display-format="UpperCase" sap:label="Object value"/>
				<Property MaxLength="10" Name="DocumentChangeNumber" Nullable="false" Type="Edm.String" sap:display-format="UpperCase" sap:label="Document number"/>
				<Property MaxLength="30" Name="FieldName" Nullable="false" Type="Edm.String" sap:display-format="UpperCase" sap:label="Field Name"/>
				<Property MaxLength="1" Name="ChangeType" Type="Edm.String" sap:display-format="UpperCase" sap:label="Change Indicator"/>
				<Property Name="CreateAt" Precision="21" Scale="7" Type="Edm.Decimal"/>
				<Property MaxLength="254" Name="OldContents" Type="Edm.String" sap:display-format="UpperCase" sap:label="Old value"/>
				<Property MaxLength="254" Name="NewContents" Type="Edm.String" sap:display-format="UpperCase" sap:label="New value"/>
				<Property MaxLength="1" Name="LongOldContents" Type="Edm.String" sap:display-format="UpperCase"/>
				<Property MaxLength="1" Name="LongNewContents" Type="Edm.String" sap:display-format="UpperCase"/>
				<Property MaxLength="1" Name="IsLongText" Type="Edm.String" sap:display-format="UpperCase"/>
				<Property MaxLength="1" Name="IntType" Type="Edm.String" sap:label="ABAP type"/>
				<Property MaxLength="10" Name="DataType" Type="Edm.String" sap:display-format="UpperCase" sap:label="Data Type"/>
				<Property MaxLength="30" Name="DataElement" Type="Edm.String" sap:display-format="UpperCase" sap:label="Data element"/>
				<Property MaxLength="20" Name="DataText" Type="Edm.String" sap:label="Medium Field Label"/>
				<Property Name="DateChanged" Precision="0" Type="Edm.DateTime" sap:display-format="Date" sap:label="Date"/>
				<Property Name="TimeChanged" Precision="0" Type="Edm.Time" sap:label="Time"/>
				<Property Name="ObjectIDBinary" Type="Edm.Guid" sap:label="UUID"/>
				<Property Name="TableKeyBinary" Type="Edm.Guid" sap:label="UUID"/>
			</EntityType>
			<EntityType Name="GRCAUD_CV_DimensionByAuditType" sap:content-version="1" sap:label="Dimension by Audit">
				<Key>
					<PropertyRef Name="DBKey"/>
					<PropertyRef Name="DimensionKey"/>
				</Key>
				<Property Name="DBKey" Nullable="false" Type="Edm.Binary" sap:label="NodeID"/>
				<Property Name="DimensionKey" Nullable="false" Type="Edm.Binary" sap:label="Key"/>
				<Property Name="DimensionVersionKey" Type="Edm.Guid" sap:label="UUID"/>
				<Property Name="AssignmentKey" Type="Edm.Binary" sap:label="NodeID"/>
				<Property MaxLength="30" Name="ID" Type="Edm.String" sap:label="ID"/>
				<Property MaxLength="10" Name="Type" Type="Edm.String" sap:display-format="UpperCase" sap:label="Dimension Type"/>
				<Property MaxLength="100" Name="TypeText" Type="Edm.String" sap:label="Dimensions Type"/>
				<Property MaxLength="100" Name="Name" Type="Edm.String" sap:label="Name"/>
				<Property Name="Description" Type="Edm.String" sap:label="Description"/>
				<Property Name="ValidFrom" Precision="7" Type="Edm.DateTimeOffset" sap:label="Time Stamp"/>
				<Property Name="ValidTo" Precision="7" Type="Edm.DateTimeOffset" sap:label="Time Stamp"/>
				<Property Name="CreatedAt" Precision="7" Type="Edm.DateTimeOffset" sap:label="Time Stamp"/>
				<Property MaxLength="12" Name="CreatedBy" Type="Edm.String" sap:display-format="UpperCase" sap:label="User Name"/>
				<Property Name="LastChangedAt" Precision="7" Type="Edm.DateTimeOffset" sap:label="Time Stamp"/>
				<Property MaxLength="12" Name="LastChangedBy" Type="Edm.String" sap:display-format="UpperCase" sap:label="User Name"/>
				<Property Name="Removed" Type="Edm.Boolean" sap:display-format="UpperCase" sap:label="TRUE"/>
				<Property Name="RiskCount" Type="Edm.Int32" sap:label="Risks"/>
				<Property Name="Timestamp" Precision="0" Type="Edm.DateTimeOffset" sap:label="Time Stamp"/>
			</EntityType>
			<EntityType Name="GRCAUD_CV_FindingType" sap:content-version="1" sap:label="Finding">
				<Key>
					<PropertyRef Name="DBKey"/>
				</Key>
				<Property MaxLength="2" Name="Status" Type="Edm.String" sap:display-format="UpperCase" sap:label="Status Key"/>
				<Property MaxLength="40" Name="StatusText" Type="Edm.String" sap:label="Status"/>
				<Property MaxLength="255" Name="ExecutiveResponsibleNameList" Type="Edm.String" sap:label="Executive Responsible"/>
				<Property Name="DBKey" Nullable="false" Type="Edm.Guid" sap:creatable="false" sap:label="UUID" sap:updatable="false"/>
				<Property MaxLength="10" Name="AuditGroup" Type="Edm.String" sap:display-format="UpperCase" sap:label="Group" sap:text="AuditGroupText"/>
				<Property MaxLength="40" Name="AuditGroupText" Type="Edm.String" sap:label="Audit Group"/>
				<Property Name="AuditKey" Type="Edm.Guid" sap:label="UUID"/>
				<Property MaxLength="100" Name="AuditTitle" Type="Edm.String" sap:label="Audit Title"/>
				<Property MaxLength="40" Name="AuditCategoryText" Type="Edm.String" sap:label="Audit Category"/>
				<Property MaxLength="100" Name="AuditTypeText" Type="Edm.String" sap:label="Audit Type"/>
				<Property MaxLength="30" Name="ID" Type="Edm.String" sap:creatable="false" sap:label="ID" sap:updatable="false"/>
				<Property MaxLength="100" Name="Title" Type="Edm.String" sap:creatable="false" sap:label="Title" sap:updatable="false"/>
				<Property Name="Description" Type="Edm.String" sap:label="Description"/>
				<Property Name="Criteria" Type="Edm.String" sap:label="Criteria"/>
				<Property Name="CauseDescription" Type="Edm.String" sap:label="Cause"/>
				<Property Name="ConditionDescription" Type="Edm.String" sap:label="Condition"/>
				<Property Name="ConsequenceDescription" Type="Edm.String" sap:label="Consequence"/>
				<Property Name="Recommendation" Type="Edm.String" sap:label="Recommendation"/>
				<Property Name="CreatedAt" Precision="7" Type="Edm.DateTimeOffset" sap:label="Created At"/>
				<Property MaxLength="12" Name="CreatedBy" Type="Edm.String" sap:display-format="UpperCase" sap:label="Created By"/>
				<Property Name="LastChangedAt" Precision="7" Type="Edm.DateTimeOffset" sap:label="Last Changed At"/>
				<Property MaxLength="12" Name="LastChangedBy" Type="Edm.String" sap:display-format="UpperCase" sap:label="Last Changed By"/>
				<Property Name="ActionCount" Type="Edm.Int32" sap:label="Action Plans"/>
				<Property MaxLength="10" Name="Type" Type="Edm.String" sap:display-format="UpperCase" sap:label="Type"/>
				<Property MaxLength="40" Name="TypeText" Type="Edm.String" sap:label="Type"/>
				<Property MaxLength="10" Name="Category" Type="Edm.String" sap:display-format="UpperCase" sap:label="Category"/>
				<Property MaxLength="40" Name="CategoryText" Type="Edm.String" sap:label="Category"/>
				<Property MaxLength="10" Name="Ranking" Type="Edm.String" sap:display-format="UpperCase" sap:label="Ranking"/>
				<Property MaxLength="40" Name="RankingText" Type="Edm.String" sap:label="Ranking"/>
			</EntityType>
			<EntityType Name="GRCAUD_CV_OrganizationByAuditType" sap:content-version="1" sap:label="Organization by Audit">
				<Key>
					<PropertyRef Name="DBKey"/>
					<PropertyRef Name="OrgKey"/>
				</Key>
				<Property Name="DBKey" Nullable="false" Type="Edm.Guid" sap:label="UUID"/>
				<Property Name="OrgKey" Nullable="false" Type="Edm.Binary" sap:label="NodeID"/>
				<Property MaxLength="10" Name="OrgID" Type="Edm.String" sap:label="Organization ID"/>
				<Property MaxLength="100" Name="OrgName" Type="Edm.String" sap:label="Organization"/>
				<Property MaxLength="6" Name="OrgType" Type="Edm.String" sap:display-format="UpperCase" sap:label="Organization Type"/>
				<Property MaxLength="100" Name="OrgTypeText" Type="Edm.String" sap:label="Organization Type"/>
				<Property MaxLength="10" Name="OrgGroup" Type="Edm.String" sap:display-format="UpperCase" sap:label="Organization Group"/>
				<Property MaxLength="100" Name="OrgGroupText" Type="Edm.String" sap:label="Organization Group"/>
				<Property Name="Timestamp" Precision="0" Type="Edm.DateTimeOffset" sap:label="Time Stamp"/>
			</EntityType>
			<EntityType Name="GRCAUD_CV_RiskByAuditType" sap:content-version="1" sap:label="Risk By Audit">
				<Key>
					<PropertyRef Name="DBKey"/>
					<PropertyRef Name="RiskKey"/>
				</Key>
				<Property Name="DBKey" Nullable="false" Type="Edm.Binary" sap:label="NodeID"/>
				<Property Name="RiskKey" Nullable="false" Type="Edm.Guid" sap:label="UUID"/>
				<Property Name="RiskVersionKey" Type="Edm.Guid" sap:label="UUID"/>
				<Property MaxLength="10" Name="AuditGroup" Type="Edm.String" sap:display-format="UpperCase" sap:label="Group"/>
				<Property MaxLength="30" Name="ID" Type="Edm.String" sap:label="ID"/>
				<Property MaxLength="100" Name="Name" Type="Edm.String" sap:label="Name"/>
				<Property Name="Description" Type="Edm.String" sap:label="Description"/>
				<Property MaxLength="100" Name="Source" Type="Edm.String" sap:display-format="UpperCase" sap:label="Source"/>
				<Property MaxLength="480" Name="SourceURL" Type="Edm.String" sap:display-format="UpperCase"/>
				<Property MaxLength="2" Name="Status" Type="Edm.String" sap:display-format="UpperCase" sap:label="Status Key"/>
				<Property MaxLength="40" Name="StatusText" Type="Edm.String" sap:label="Status Name"/>
				<Property Name="ValidFrom" Precision="0" Type="Edm.DateTime" sap:display-format="Date" sap:label="Date"/>
				<Property Name="ValidTo" Precision="0" Type="Edm.DateTime" sap:display-format="Date" sap:label="Date"/>
				<Property MaxLength="17" Name="Validity" Type="Edm.String" sap:display-format="UpperCase"/>
				<Property MaxLength="100" Name="VersionTag" Type="Edm.String" sap:label="Version Tag"/>
				<Property MaxLength="10" Name="ViewID" Type="Edm.String" sap:display-format="UpperCase" sap:label="View ID"/>
				<Property MaxLength="100" Name="ViewName" Type="Edm.String" sap:label="Name"/>
				<Property Name="AssignmentValidFrom" Precision="0" Type="Edm.DateTimeOffset" sap:label="Time Stamp"/>
				<Property Name="AssignmentValidTo" Precision="0" Type="Edm.DateTimeOffset" sap:label="Time Stamp"/>
				<Property Name="Removed" Type="Edm.Boolean" sap:display-format="UpperCase" sap:label="TRUE"/>
				<Property MaxLength="10" Name="Connector" Type="Edm.String" sap:display-format="UpperCase" sap:label="Connector"/>
				<Property MaxLength="40" Name="ConnectorText" Type="Edm.String" sap:label="Name"/>
				<Property MaxLength="10" Name="ConnectorType" Type="Edm.String" sap:display-format="UpperCase" sap:label="Connector Type"/>
				<Property MaxLength="40" Name="ConnectorTypeText" Type="Edm.String" sap:label="Name"/>
				<Property Name="CreatedAt" Precision="7" Type="Edm.DateTimeOffset" sap:label="Time Stamp"/>
				<Property MaxLength="12" Name="CreatedBy" Type="Edm.String" sap:display-format="UpperCase" sap:label="User Name"/>
				<Property MaxLength="80" Name="CreatedByName" Type="Edm.String" sap:label="Full Name"/>
				<Property Name="LastChangedAt" Precision="7" Type="Edm.DateTimeOffset" sap:label="Time Stamp"/>
				<Property MaxLength="12" Name="LastChangedBy" Type="Edm.String" sap:display-format="UpperCase" sap:label="User Name"/>
				<Property MaxLength="80" Name="LastChangedByName" Type="Edm.String" sap:label="Full Name"/>
				<Property MaxLength="10" Name="RiskType" Type="Edm.String" sap:display-format="UpperCase" sap:label="Risk Type"/>
				<Property MaxLength="40" Name="RiskTypeText" Type="Edm.String" sap:label="Risk Type"/>
				<Property MaxLength="3" Name="ResidualRiskLevel" Type="Edm.String" sap:display-format="UpperCase" sap:label="Risk Level"/>
				<Property MaxLength="40" Name="ResidualRiskLevelText" Type="Edm.String" sap:label="Risk Level(Residual)"/>
				<Property MaxLength="2" Name="ResidualRiskLevelSequence" Type="Edm.String" sap:display-format="NonNegative" sap:label="Sequence"/>
				<Property MaxLength="3" Name="InherentRiskLevel" Type="Edm.String" sap:display-format="UpperCase" sap:label="Risk Level"/>
				<Property MaxLength="40" Name="InherentRiskLevelText" Type="Edm.String" sap:label="Risk Level(Inherent)"/>
				<Property MaxLength="2" Name="InherentRiskLevelSequence" Type="Edm.String" sap:display-format="NonNegative" sap:label="Sequence"/>
				<Property Name="Timestamp" Precision="15" Scale="0" Type="Edm.Decimal"/>
			</EntityType>
			<EntityType Name="GRCAUD_CV_AssignedScopeHierType" sap:content-version="1" sap:label="Assigned Scope Hierarchy">
				<Key>
					<PropertyRef Name="DBKey"/>
				</Key>
				<Property Name="DBKey" Nullable="false" Type="Edm.Guid" sap:hierarchy-node-for="DBKey" sap:label="UUID"/>
				<Property Name="ParentScopeKey" Type="Edm.Guid" sap:hierarchy-parent-node-for="DBKey" sap:label="UUID"/>
				<Property Name="AuditKey" Type="Edm.Guid" sap:label="UUID"/>
				<Property MaxLength="10" Name="AuditGroup" Type="Edm.String" sap:display-format="UpperCase" sap:label="Group"/>
				<Property MaxLength="100" Name="Name" Type="Edm.String" sap:label="Name"/>
				<Property MaxLength="20" Name="Code" Type="Edm.String" sap:display-format="UpperCase" sap:label="Code"/>
				<Property MaxLength="5" Name="Sequence" Type="Edm.String" sap:display-format="NonNegative" sap:label="Sequence No."/>
				<Property MaxLength="2" Name="Status" Type="Edm.String" sap:display-format="UpperCase" sap:label="Status ID"/>
				<Property Name="Description" Type="Edm.String" sap:label="Description"/>
				<Property Name="ProcedureCount" Type="Edm.Int32"/>
				<Property Name="WorkingPaperCount" Type="Edm.Int32"/>
				<Property Name="ScopeLevel" Type="Edm.Byte" sap:label="Scope Level"/>
				<Property Name="HierarchyLevel" Type="Edm.Int32" sap:hierarchy-level-for="DBKey"/>
				<Property MaxLength="8" Name="DrillState" Type="Edm.String" sap:display-format="UpperCase" sap:hierarchy-drill-state-for="DBKey"/>
				<Property Name="CreatedAt" Precision="7" Type="Edm.DateTimeOffset" sap:label="Time Stamp"/>
				<Property MaxLength="12" Name="CreatedBy" Type="Edm.String" sap:display-format="UpperCase" sap:label="User Name"/>
				<Property Name="LastChangedAt" Precision="7" Type="Edm.DateTimeOffset" sap:label="Time Stamp"/>
				<Property MaxLength="12" Name="LastChangedBy" Type="Edm.String" sap:display-format="UpperCase" sap:label="User Name"/>
				<NavigationProperty FromRole="FromRole_assoc_C4473C177A31D44C5B8A6AEE01CE1234" Name="to_ResponsiblePerson" Relationship="GRCAUD_AUDIT_SRV.assoc_C4473C177A31D44C5B8A6AEE01CE1234" ToRole="ToRole_assoc_C4473C177A31D44C5B8A6AEE01CE1234"/>
			</EntityType>
			<EntityType Name="GRCAUD_CV_UserRoleByScopeType" sap:content-version="1" sap:label="User Role Assignment in Scope">
				<Key>
					<PropertyRef Name="DBKey"/>
					<PropertyRef Name="ScopeKey"/>
				</Key>
				<Property Name="DBKey" Nullable="false" Type="Edm.Guid" sap:label="UUID"/>
				<Property Name="ScopeKey" Nullable="false" Type="Edm.Guid" sap:label="UUID"/>
				<Property MaxLength="10" Name="AuditGroup" Type="Edm.String" sap:display-format="UpperCase" sap:label="Group"/>
				<Property MaxLength="10" Name="RoleID" Type="Edm.String" sap:display-format="UpperCase" sap:label="Role"/>
				<Property MaxLength="50" Name="UserID" Type="Edm.String" sap:label="User ID"/>
				<Property MaxLength="2" Name="userSequence" Type="Edm.String" sap:display-format="NonNegative" sap:label="Role Sequence"/>
				<Property Name="StartDate" Precision="0" Type="Edm.DateTime" sap:display-format="Date" sap:label="Date"/>
				<Property Name="EndDate" Precision="0" Type="Edm.DateTime" sap:display-format="Date" sap:label="Date"/>
				<Property MaxLength="80" Name="FullName" Type="Edm.String" sap:display-format="UpperCase"/>
				<Property MaxLength="241" Name="Email" Type="Edm.String" sap:label="E-Mail Address"/>
				<Property MaxLength="30" Name="Telephone" Type="Edm.String" sap:display-format="UpperCase" sap:label="Telephone number"/>
			</EntityType>
			<EntityType Name="GRCAUD_EV_AuditExtensionType" sap:content-version="1" sap:label="Audit Extension">
				<Key>
					<PropertyRef Name="DBKey"/>
				</Key>
				<Property Name="DBKey" Nullable="false" Type="Edm.Guid" sap:creatable="false" sap:label="UUID" sap:updatable="false"/>
			</EntityType>
			<EntityType Name="GRCAUD_IV_AuditCategoryType" sap:content-version="1" sap:label="Audit Category">
				<Key>
					<PropertyRef Name="AuditCategory"/>
				</Key>
				<Property MaxLength="10" Name="AuditCategory" Nullable="false" Type="Edm.String" sap:display-format="UpperCase" sap:label="Category"/>
				<Property MaxLength="40" Name="AuditCategoryText" Type="Edm.String" sap:label="Description"/>
			</EntityType>
			<EntityType Name="GRCAUD_IV_AuditGroupType" sap:content-version="1" sap:label="Audit Group">
				<Key>
					<PropertyRef Name="AuditGroup"/>
				</Key>
				<Property MaxLength="10" Name="AuditGroup" Nullable="false" Type="Edm.String" sap:display-format="UpperCase" sap:label="Group"/>
				<Property MaxLength="40" Name="AuditGroupText" Type="Edm.String" sap:label="Description"/>
			</EntityType>
			<EntityType Name="GRCAUD_IV_AuditScopeSchemaType" sap:content-version="1" sap:label="Audit Scope Schema">
				<Key>
					<PropertyRef Name="ScopeSchema"/>
				</Key>
				<Property MaxLength="10" Name="ScopeSchema" Nullable="false" Type="Edm.String" sap:display-format="UpperCase" sap:label="Scope Schema"/>
				<Property MaxLength="40" Name="ScopeSchemaText" Type="Edm.String" sap:label="Title"/>
				<NavigationProperty FromRole="FromRole_assoc_F7A415110F0D348DA4FE6A4232055371" Name="to_ScopeSchemaLevel" Relationship="GRCAUD_AUDIT_SRV.assoc_F7A415110F0D348DA4FE6A4232055371" ToRole="ToRole_assoc_F7A415110F0D348DA4FE6A4232055371"/>
			</EntityType>
			<EntityType Name="GRCAUD_IV_AuditStatusType" sap:content-version="1" sap:label="Audit Status">
				<Key>
					<PropertyRef Name="AuditStatus"/>
					<PropertyRef Name="AuditObjectType"/>
				</Key>
				<Property MaxLength="2" Name="AuditStatus" Nullable="false" Type="Edm.String" sap:display-format="UpperCase" sap:label="Status Key"/>
				<Property MaxLength="6" Name="AuditObjectType" Nullable="false" Type="Edm.String" sap:display-format="UpperCase" sap:label="Business Object"/>
				<Property MaxLength="40" Name="AuditStatusText" Type="Edm.String" sap:label="Status Name"/>
			</EntityType>
			<EntityType Name="GRCAUD_IV_AuditTypeType" sap:content-version="1" sap:label="Audit Type">
				<Key>
					<PropertyRef Name="AuditType"/>
				</Key>
				<Property MaxLength="10" Name="AuditType" Nullable="false" Type="Edm.String" sap:display-format="UpperCase" sap:label="Audit Type"/>
				<Property MaxLength="100" Name="AuditTypeText" Type="Edm.String" sap:label="Name"/>
				<Property Name="RisksFromRR" Type="Edm.Boolean" sap:display-format="UpperCase" sap:label="Risk Register"/>
				<Property Name="DimsFromRR" Type="Edm.Boolean" sap:display-format="UpperCase" sap:label="Dimension Assgn"/>
			</EntityType>
			<EntityType Name="GRCAUD_IV_ScopeSchemaLevelType" sap:content-version="1" sap:label="Audit Scope Schema Level">
				<Key>
					<PropertyRef Name="ScopeSchema"/>
					<PropertyRef Name="ScopeSchemaLevel"/>
				</Key>
				<Property MaxLength="10" Name="ScopeSchema" Nullable="false" Type="Edm.String" sap:display-format="UpperCase" sap:label="Scope Schema"/>
				<Property Name="ScopeSchemaLevel" Nullable="false" Type="Edm.Byte" sap:label="Scope Level"/>
				<Property MaxLength="40" Name="ScopeSchemaLevelText" Type="Edm.String" sap:label="Title"/>
			</EntityType>
			<EntityType Name="GRCAUD_IV_TagType" sap:content-version="1" sap:label="Tag">
				<Key>
					<PropertyRef Name="TagKey"/>
				</Key>
				<Property Name="TagKey" Nullable="false" Type="Edm.Guid" sap:label="UUID"/>
				<Property MaxLength="20" Name="TagName" Type="Edm.String" sap:display-format="UpperCase" sap:label="Tag"/>
				<Property Name="HostBOKey" Type="Edm.Guid" sap:label="UUID"/>
				<Property Name="HostNodeKey" Type="Edm.Guid" sap:label="UUID"/>
				<Property Name="HostKey" Type="Edm.Guid" sap:label="UUID"/>
			</EntityType>
			<EntityType Name="GRCAUD_IV_UserInformationType" sap:content-version="1" sap:label="User Information">
				<Key>
					<PropertyRef Name="UserID"/>
				</Key>
				<Property MaxLength="12" Name="UserID" Nullable="false" Type="Edm.String" sap:display-format="UpperCase" sap:label="User"/>
				<Property MaxLength="80" Name="FullName" Type="Edm.String" sap:label="Full Name"/>
				<Property MaxLength="40" Name="Department" Type="Edm.String" sap:label="Department"/>
				<Property MaxLength="10" Name="Building" Type="Edm.String" sap:label="Building code"/>
				<Property MaxLength="10" Name="RoomNumber" Type="Edm.String" sap:label="Room Number"/>
				<Property MaxLength="10" Name="Floor" Type="Edm.String" sap:label="Floor"/>
				<Property MaxLength="30" Name="Telephone" Type="Edm.String" sap:display-format="UpperCase" sap:label="Telephone number"/>
				<Property MaxLength="241" Name="Email" Type="Edm.String" sap:label="E-Mail Address"/>
				<Property MaxLength="1" Name="UserType" Type="Edm.String" sap:label="User Type"/>
				<Property MaxLength="255" Name="UserPhotoURL" Type="Edm.String" sap:creatable="false" sap:display-format="UpperCase" sap:label="Photo URL" sap:updatable="false"/>
			</EntityType>
			<EntityType Name="GRCAUD_IV_UserRoleType" sap:content-version="1" sap:label="User Role Assignment">
				<Key>
					<PropertyRef Name="HostKey"/>
					<PropertyRef Name="DBKey"/>
					<PropertyRef Name="HostBOKey"/>
					<PropertyRef Name="HostNodeKey"/>
				</Key>
				<Property Name="HostKey" Nullable="false" Type="Edm.Guid" sap:label="UUID"/>
				<Property Name="DBKey" Nullable="false" Type="Edm.Guid" sap:label="UUID"/>
				<Property Name="HostBOKey" Nullable="false" Type="Edm.Guid" sap:label="UUID"/>
				<Property Name="HostNodeKey" Nullable="false" Type="Edm.Guid" sap:label="UUID"/>
				<Property MaxLength="10" Name="RoleID" Type="Edm.String" sap:display-format="UpperCase" sap:label="Role"/>
				<Property MaxLength="100" Name="RoleText" Type="Edm.String" sap:display-format="UpperCase"/>
				<Property MaxLength="50" Name="UserID" Type="Edm.String" sap:label="User ID"/>
				<Property MaxLength="2" Name="userSequence" Type="Edm.String" sap:display-format="NonNegative" sap:label="Role Sequence"/>
				<Property Name="StartDate" Precision="0" Type="Edm.DateTime" sap:display-format="Date" sap:label="Date"/>
				<Property Name="EndDate" Precision="0" Type="Edm.DateTime" sap:display-format="Date" sap:label="Date"/>
				<Property MaxLength="80" Name="FullName" Type="Edm.String" sap:display-format="UpperCase"/>
				<Property MaxLength="241" Name="Email" Type="Edm.String" sap:label="E-Mail Address"/>
				<Property MaxLength="30" Name="Telephone" Type="Edm.String" sap:display-format="UpperCase" sap:label="Telephone number"/>
				<Property MaxLength="32" Name="HostBOKeyHex" Type="Edm.String" sap:display-format="UpperCase"/>
				<Property MaxLength="32" Name="HostNodeKeyHex" Type="Edm.String" sap:display-format="UpperCase"/>
			</EntityType>
			<EntityType Name="GRCAUD_CV_AuditType" sap:content-version="1" sap:label="Audit">
				<Key>
					<PropertyRef Name="DBKey"/>
				</Key>
				<Property Name="DBKey" Nullable="false" Type="Edm.Guid" sap:creatable="false" sap:label="UUID" sap:updatable="false"/>
				<Property Name="AuditKey" Type="Edm.Guid" sap:label="UUID"/>
				<Property MaxLength="30" Name="ID" Type="Edm.String" sap:label="ID"/>
				<Property MaxLength="20" Name="Code" Type="Edm.String" sap:display-format="UpperCase" sap:label="Code"/>
				<Property MaxLength="100" Name="Title" Type="Edm.String" sap:label="Title"/>
				<Property MaxLength="2" Name="Status" Type="Edm.String" sap:display-format="UpperCase" sap:label="Status Key" sap:text="StatusText" sap:value-list="standard"/>
				<Property MaxLength="10" Name="Type" Type="Edm.String" sap:display-format="UpperCase" sap:label="Audit Type" sap:text="TypeText" sap:value-list="standard"/>
				<Property Name="Scope" Type="Edm.String" sap:label="Audit Scope"/>
				<Property MaxLength="10" Name="AuditGroup" Type="Edm.String" sap:display-format="UpperCase" sap:label="Group" sap:text="AuditGroupText" sap:value-list="standard"/>
				<Property MaxLength="3" Name="Country" Type="Edm.String" sap:display-format="UpperCase" sap:label="Country/Region"/>
				<Property MaxLength="10" Name="Category" Type="Edm.String" sap:display-format="UpperCase" sap:label="Category" sap:text="CategoryText" sap:value-list="standard"/>
				<Property MaxLength="4" Name="Company" Type="Edm.String" sap:display-format="UpperCase" sap:label="Company Code"/>
				<Property Name="EsitmatedEffort" Precision="10" Scale="2" Type="Edm.Decimal" sap:label="Estimated Effort"/>
				<Property Name="ActualEffort" Precision="10" Scale="2" Type="Edm.Decimal" sap:label="Actual Effort"/>
				<Property Name="EstimatedCost" Precision="32" Scale="3" Type="Edm.Decimal" sap:label="Estimated Cost" sap:unit="Currency"/>
				<Property Name="Actualcost" Precision="32" Scale="3" Type="Edm.Decimal" sap:label="Actual Cost" sap:unit="Currency"/>
				<Property MaxLength="5" Name="Currency" Type="Edm.String" sap:label="Currency" sap:semantics="currency-code"/>
				<Property MaxLength="12" Name="OrderNumber" Type="Edm.String" sap:display-format="UpperCase" sap:label="Internal Order"/>
				<Property Name="PeriodStartDate" Precision="0" Type="Edm.DateTime" sap:display-format="Date" sap:label="Period Start Date"/>
				<Property Name="PeriodEndDate" Precision="0" Type="Edm.DateTime" sap:display-format="Date" sap:label="Period End Date"/>
				<Property MaxLength="10" Name="ScopeSchema" Type="Edm.String" sap:display-format="UpperCase" sap:label="Scope Schema"/>
				<Property MaxLength="10" Name="StatusSchema" Type="Edm.String" sap:display-format="UpperCase" sap:label="Status Schema"/>
				<Property MaxLength="10" Name="FindingStatusSchema" Type="Edm.String" sap:display-format="UpperCase" sap:label="Finding Status Schema"/>
				<Property MaxLength="10" Name="ActionStatusSchema" Type="Edm.String" sap:display-format="UpperCase" sap:label="Action Status Schema"/>
				<Property MaxLength="10" Name="DetectionTaskStatusSchema" Type="Edm.String" sap:display-format="UpperCase" sap:label="Detection Status Schema"/>
				<Property MaxLength="10" Name="ManualTaskStatusSchema" Type="Edm.String" sap:display-format="UpperCase" sap:label="Test Status Schema"/>
				<Property MaxLength="2" Name="CostAssignmentType" Type="Edm.String" sap:display-format="UpperCase" sap:label="Cost Assignment Type"/>
				<Property Name="PlannedStartDate" Precision="0" Type="Edm.DateTime" sap:display-format="Date" sap:label="Planned Start Date"/>
				<Property Name="PlannedEndDate" Precision="0" Type="Edm.DateTime" sap:display-format="Date" sap:label="Planned End Date"/>
				<Property Name="ActualStartDate" Precision="0" Type="Edm.DateTime" sap:display-format="Date" sap:label="Actual Start Date"/>
				<Property Name="ActualEndDate" Precision="0" Type="Edm.DateTime" sap:display-format="Date" sap:label="Actual End Date"/>
				<Property Name="CreatedAt" Precision="7" Type="Edm.DateTimeOffset" sap:label="Created At"/>
				<Property MaxLength="12" Name="CreatedBy" Type="Edm.String" sap:display-format="UpperCase" sap:label="Created By"/>
				<Property Name="LastChangedAt" Precision="7" Type="Edm.DateTimeOffset" sap:label="Last Changed At"/>
				<Property MaxLength="12" Name="LastChangedBy" Type="Edm.String" sap:display-format="UpperCase" sap:label="Last Changed By"/>
				<Property MaxLength="100" Name="TypeText" Type="Edm.String" sap:label="Type"/>
				<Property MaxLength="40" Name="CategoryText" Type="Edm.String" sap:label="Category"/>
				<Property MaxLength="40" Name="StatusText" Type="Edm.String" sap:label="Status"/>
				<Property MaxLength="40" Name="AuditGroupText" Type="Edm.String" sap:label="Audit Group"/>
				<Property MaxLength="50" Name="AuditManager" Type="Edm.String" sap:label="User ID" sap:text="AuditManagerName" sap:value-list="standard"/>
				<Property MaxLength="80" Name="AuditManagerName" Type="Edm.String" sap:display-format="UpperCase" sap:label="Audit Manager"/>
				<Property MaxLength="50" Name="AuditLead" Type="Edm.String" sap:label="User ID" sap:text="AuditLeadName" sap:value-list="standard"/>
				<Property MaxLength="80" Name="AuditLeadName" Type="Edm.String" sap:display-format="UpperCase" sap:label="Audit Lead"/>
				<NavigationProperty FromRole="FromRole_assoc_FD67CF739285C9DF8AB66F8B3C71FF38" Name="to_ActivityHistories" Relationship="GRCAUD_AUDIT_SRV.assoc_FD67CF739285C9DF8AB66F8B3C71FF38" ToRole="ToRole_assoc_FD67CF739285C9DF8AB66F8B3C71FF38"/>
				<NavigationProperty FromRole="FromRole_assoc_CF6167F489EBA7292A7300585B0DC265" Name="to_AuditableItems" Relationship="GRCAUD_AUDIT_SRV.assoc_CF6167F489EBA7292A7300585B0DC265" ToRole="ToRole_assoc_CF6167F489EBA7292A7300585B0DC265"/>
				<NavigationProperty FromRole="FromRole_assoc_168D8D4656FBA4857EEDD432BB766F39" Name="to_AuditCategory" Relationship="GRCAUD_AUDIT_SRV.assoc_168D8D4656FBA4857EEDD432BB766F39" ToRole="ToRole_assoc_168D8D4656FBA4857EEDD432BB766F39"/>
				<NavigationProperty FromRole="FromRole_assoc_FB8F45CC9AE5250BB3BC832B5BC12415" Name="to_AuditGroup" Relationship="GRCAUD_AUDIT_SRV.assoc_FB8F45CC9AE5250BB3BC832B5BC12415" ToRole="ToRole_assoc_FB8F45CC9AE5250BB3BC832B5BC12415"/>
				<NavigationProperty FromRole="FromRole_assoc_1831BD4D7DC86A57F282ACEED158E182" Name="to_AuditLead" Relationship="GRCAUD_AUDIT_SRV.assoc_1831BD4D7DC86A57F282ACEED158E182" ToRole="ToRole_assoc_1831BD4D7DC86A57F282ACEED158E182"/>
				<NavigationProperty FromRole="FromRole_assoc_51E50907FD2E2857491AC8D8CCFEFF47" Name="to_AuditManager" Relationship="GRCAUD_AUDIT_SRV.assoc_51E50907FD2E2857491AC8D8CCFEFF47" ToRole="ToRole_assoc_51E50907FD2E2857491AC8D8CCFEFF47"/>
				<NavigationProperty FromRole="FromRole_assoc_216F2CCDD5F4896E5C84CAE0130A0726" Name="to_Auditor" Relationship="GRCAUD_AUDIT_SRV.assoc_216F2CCDD5F4896E5C84CAE0130A0726" ToRole="ToRole_assoc_216F2CCDD5F4896E5C84CAE0130A0726"/>
				<NavigationProperty FromRole="FromRole_assoc_1A6E1FCA329B04252A1AA505F7B36385" Name="to_AuditStatus" Relationship="GRCAUD_AUDIT_SRV.assoc_1A6E1FCA329B04252A1AA505F7B36385" ToRole="ToRole_assoc_1A6E1FCA329B04252A1AA505F7B36385"/>
				<NavigationProperty FromRole="FromRole_assoc_276BF88BF7772E850C4B85DEB5C0DE8B" Name="to_AuditType" Relationship="GRCAUD_AUDIT_SRV.assoc_276BF88BF7772E850C4B85DEB5C0DE8B" ToRole="ToRole_assoc_276BF88BF7772E850C4B85DEB5C0DE8B"/>
				<NavigationProperty FromRole="FromRole_assoc_D0D788F8378F16808FC082CF589D9C3B" Name="to_CAE" Relationship="GRCAUD_AUDIT_SRV.assoc_D0D788F8378F16808FC082CF589D9C3B" ToRole="ToRole_assoc_D0D788F8378F16808FC082CF589D9C3B"/>
				<NavigationProperty FromRole="FromRole_assoc_CC32FA465BE112F2565AE72E8B3594EF" Name="to_Count" Relationship="GRCAUD_AUDIT_SRV.assoc_CC32FA465BE112F2565AE72E8B3594EF" ToRole="ToRole_assoc_CC32FA465BE112F2565AE72E8B3594EF"/>
				<NavigationProperty FromRole="FromRole_assoc_DD1F0947E10EBFE43E037F52925090DF" Name="to_Dimensions" Relationship="GRCAUD_AUDIT_SRV.assoc_DD1F0947E10EBFE43E037F52925090DF" ToRole="ToRole_assoc_DD1F0947E10EBFE43E037F52925090DF"/>
				<NavigationProperty FromRole="FromRole_assoc_249B08D726A623E61F67EAFA47D350AC" Name="to_ExecutiveResponsible" Relationship="GRCAUD_AUDIT_SRV.assoc_249B08D726A623E61F67EAFA47D350AC" ToRole="ToRole_assoc_249B08D726A623E61F67EAFA47D350AC"/>
				<NavigationProperty FromRole="FromRole_assoc_8EAFF50DE32C2911A3BA32F2F908065F" Name="to_Extension" Relationship="GRCAUD_AUDIT_SRV.assoc_8EAFF50DE32C2911A3BA32F2F908065F" ToRole="ToRole_assoc_8EAFF50DE32C2911A3BA32F2F908065F"/>
				<NavigationProperty FromRole="FromRole_assoc_5546C8031ECEA3DF59CEA9290C26B543" Name="to_Findings" Relationship="GRCAUD_AUDIT_SRV.assoc_5546C8031ECEA3DF59CEA9290C26B543" ToRole="ToRole_assoc_5546C8031ECEA3DF59CEA9290C26B543"/>
				<NavigationProperty FromRole="FromRole_assoc_ABA8402926C0193C3D295FFB2BC47906" Name="to_Organizations" Relationship="GRCAUD_AUDIT_SRV.assoc_ABA8402926C0193C3D295FFB2BC47906" ToRole="ToRole_assoc_ABA8402926C0193C3D295FFB2BC47906"/>
				<NavigationProperty FromRole="FromRole_assoc_35F27F87B9399271BF238C9AC569BD10" Name="to_Risks" Relationship="GRCAUD_AUDIT_SRV.assoc_35F27F87B9399271BF238C9AC569BD10" ToRole="ToRole_assoc_35F27F87B9399271BF238C9AC569BD10"/>
				<NavigationProperty FromRole="FromRole_assoc_611BFF43E81BFE84D5868338A12B5BF0" Name="to_Scopes" Relationship="GRCAUD_AUDIT_SRV.assoc_611BFF43E81BFE84D5868338A12B5BF0" ToRole="ToRole_assoc_611BFF43E81BFE84D5868338A12B5BF0"/>
				<NavigationProperty FromRole="FromRole_assoc_E935EACCB7D2AF7B9EB4C4FE3779514E" Name="to_ScopeSchema" Relationship="GRCAUD_AUDIT_SRV.assoc_E935EACCB7D2AF7B9EB4C4FE3779514E" ToRole="ToRole_assoc_E935EACCB7D2AF7B9EB4C4FE3779514E"/>
				<NavigationProperty FromRole="FromRole_assoc_85D9EA933BFE8CCA8B67E6FF3D77B0C9" Name="to_Tags" Relationship="GRCAUD_AUDIT_SRV.assoc_85D9EA933BFE8CCA8B67E6FF3D77B0C9" ToRole="ToRole_assoc_85D9EA933BFE8CCA8B67E6FF3D77B0C9"/>
			</EntityType>
			<Association Name="assoc_FD67CF739285C9DF8AB66F8B3C71FF38" sap:content-version="1">
				<End Multiplicity="1" Role="FromRole_assoc_FD67CF739285C9DF8AB66F8B3C71FF38" Type="GRCAUD_AUDIT_SRV.GRCAUD_CV_AuditType"/>
				<End Multiplicity="*" Role="ToRole_assoc_FD67CF739285C9DF8AB66F8B3C71FF38" Type="GRCAUD_AUDIT_SRV.GRCAUD_CV_AuditActivityHistoryType"/>
			</Association>
			<Association Name="assoc_CF6167F489EBA7292A7300585B0DC265" sap:content-version="1">
				<End Multiplicity="1" Role="FromRole_assoc_CF6167F489EBA7292A7300585B0DC265" Type="GRCAUD_AUDIT_SRV.GRCAUD_CV_AuditType"/>
				<End Multiplicity="*" Role="ToRole_assoc_CF6167F489EBA7292A7300585B0DC265" Type="GRCAUD_AUDIT_SRV.GRCAUD_CV_AdtblByAuditType"/>
			</Association>
			<Association Name="assoc_168D8D4656FBA4857EEDD432BB766F39" sap:content-version="1">
				<End Multiplicity="1" Role="FromRole_assoc_168D8D4656FBA4857EEDD432BB766F39" Type="GRCAUD_AUDIT_SRV.GRCAUD_CV_AuditType"/>
				<End Multiplicity="1" Role="ToRole_assoc_168D8D4656FBA4857EEDD432BB766F39" Type="GRCAUD_AUDIT_SRV.GRCAUD_IV_AuditCategoryType"/>
			</Association>
			<Association Name="assoc_FB8F45CC9AE5250BB3BC832B5BC12415" sap:content-version="1">
				<End Multiplicity="1" Role="FromRole_assoc_FB8F45CC9AE5250BB3BC832B5BC12415" Type="GRCAUD_AUDIT_SRV.GRCAUD_CV_AuditType"/>
				<End Multiplicity="1" Role="ToRole_assoc_FB8F45CC9AE5250BB3BC832B5BC12415" Type="GRCAUD_AUDIT_SRV.GRCAUD_IV_AuditGroupType"/>
			</Association>
			<Association Name="assoc_1831BD4D7DC86A57F282ACEED158E182" sap:content-version="1">
				<End Multiplicity="1" Role="FromRole_assoc_1831BD4D7DC86A57F282ACEED158E182" Type="GRCAUD_AUDIT_SRV.GRCAUD_CV_AuditType"/>
				<End Multiplicity="1" Role="ToRole_assoc_1831BD4D7DC86A57F282ACEED158E182" Type="GRCAUD_AUDIT_SRV.GRCAUD_IV_UserRoleType"/>
			</Association>
			<Association Name="assoc_51E50907FD2E2857491AC8D8CCFEFF47" sap:content-version="1">
				<End Multiplicity="1" Role="FromRole_assoc_51E50907FD2E2857491AC8D8CCFEFF47" Type="GRCAUD_AUDIT_SRV.GRCAUD_CV_AuditType"/>
				<End Multiplicity="1" Role="ToRole_assoc_51E50907FD2E2857491AC8D8CCFEFF47" Type="GRCAUD_AUDIT_SRV.GRCAUD_IV_UserRoleType"/>
			</Association>
			<Association Name="assoc_216F2CCDD5F4896E5C84CAE0130A0726" sap:content-version="1">
				<End Multiplicity="1" Role="FromRole_assoc_216F2CCDD5F4896E5C84CAE0130A0726" Type="GRCAUD_AUDIT_SRV.GRCAUD_CV_AuditType"/>
				<End Multiplicity="*" Role="ToRole_assoc_216F2CCDD5F4896E5C84CAE0130A0726" Type="GRCAUD_AUDIT_SRV.GRCAUD_IV_UserRoleType"/>
			</Association>
			<Association Name="assoc_1A6E1FCA329B04252A1AA505F7B36385" sap:content-version="1">
				<End Multiplicity="1" Role="FromRole_assoc_1A6E1FCA329B04252A1AA505F7B36385" Type="GRCAUD_AUDIT_SRV.GRCAUD_CV_AuditType"/>
				<End Multiplicity="1" Role="ToRole_assoc_1A6E1FCA329B04252A1AA505F7B36385" Type="GRCAUD_AUDIT_SRV.GRCAUD_IV_AuditStatusType"/>
			</Association>
			<Association Name="assoc_276BF88BF7772E850C4B85DEB5C0DE8B" sap:content-version="1">
				<End Multiplicity="1" Role="FromRole_assoc_276BF88BF7772E850C4B85DEB5C0DE8B" Type="GRCAUD_AUDIT_SRV.GRCAUD_CV_AuditType"/>
				<End Multiplicity="1" Role="ToRole_assoc_276BF88BF7772E850C4B85DEB5C0DE8B" Type="GRCAUD_AUDIT_SRV.GRCAUD_IV_AuditTypeType"/>
			</Association>
			<Association Name="assoc_D0D788F8378F16808FC082CF589D9C3B" sap:content-version="1">
				<End Multiplicity="1" Role="FromRole_assoc_D0D788F8378F16808FC082CF589D9C3B" Type="GRCAUD_AUDIT_SRV.GRCAUD_CV_AuditType"/>
				<End Multiplicity="1" Role="ToRole_assoc_D0D788F8378F16808FC082CF589D9C3B" Type="GRCAUD_AUDIT_SRV.GRCAUD_IV_UserRoleType"/>
			</Association>
			<Association Name="assoc_CC32FA465BE112F2565AE72E8B3594EF" sap:content-version="1">
				<End Multiplicity="1" Role="FromRole_assoc_CC32FA465BE112F2565AE72E8B3594EF" Type="GRCAUD_AUDIT_SRV.GRCAUD_CV_AuditType"/>
				<End Multiplicity="*" Role="ToRole_assoc_CC32FA465BE112F2565AE72E8B3594EF" Type="GRCAUD_AUDIT_SRV.GRCAUD_CV_AuditCountType"/>
			</Association>
			<Association Name="assoc_DD1F0947E10EBFE43E037F52925090DF" sap:content-version="1">
				<End Multiplicity="1" Role="FromRole_assoc_DD1F0947E10EBFE43E037F52925090DF" Type="GRCAUD_AUDIT_SRV.GRCAUD_CV_AuditType"/>
				<End Multiplicity="*" Role="ToRole_assoc_DD1F0947E10EBFE43E037F52925090DF" Type="GRCAUD_AUDIT_SRV.GRCAUD_CV_DimensionByAuditType"/>
			</Association>
			<Association Name="assoc_249B08D726A623E61F67EAFA47D350AC" sap:content-version="1">
				<End Multiplicity="1" Role="FromRole_assoc_249B08D726A623E61F67EAFA47D350AC" Type="GRCAUD_AUDIT_SRV.GRCAUD_CV_AuditType"/>
				<End Multiplicity="*" Role="ToRole_assoc_249B08D726A623E61F67EAFA47D350AC" Type="GRCAUD_AUDIT_SRV.GRCAUD_IV_UserRoleType"/>
			</Association>
			<Association Name="assoc_8EAFF50DE32C2911A3BA32F2F908065F" sap:content-version="1">
				<End Multiplicity="1" Role="FromRole_assoc_8EAFF50DE32C2911A3BA32F2F908065F" Type="GRCAUD_AUDIT_SRV.GRCAUD_CV_AuditType"/>
				<End Multiplicity="*" Role="ToRole_assoc_8EAFF50DE32C2911A3BA32F2F908065F" Type="GRCAUD_AUDIT_SRV.GRCAUD_EV_AuditExtensionType"/>
			</Association>
			<Association Name="assoc_5546C8031ECEA3DF59CEA9290C26B543" sap:content-version="1">
				<End Multiplicity="1" Role="FromRole_assoc_5546C8031ECEA3DF59CEA9290C26B543" Type="GRCAUD_AUDIT_SRV.GRCAUD_CV_AuditType"/>
				<End Multiplicity="*" Role="ToRole_assoc_5546C8031ECEA3DF59CEA9290C26B543" Type="GRCAUD_AUDIT_SRV.GRCAUD_CV_FindingType"/>
			</Association>
			<Association Name="assoc_ABA8402926C0193C3D295FFB2BC47906" sap:content-version="1">
				<End Multiplicity="1" Role="FromRole_assoc_ABA8402926C0193C3D295FFB2BC47906" Type="GRCAUD_AUDIT_SRV.GRCAUD_CV_AuditType"/>
				<End Multiplicity="*" Role="ToRole_assoc_ABA8402926C0193C3D295FFB2BC47906" Type="GRCAUD_AUDIT_SRV.GRCAUD_CV_OrganizationByAuditType"/>
			</Association>
			<Association Name="assoc_35F27F87B9399271BF238C9AC569BD10" sap:content-version="1">
				<End Multiplicity="1" Role="FromRole_assoc_35F27F87B9399271BF238C9AC569BD10" Type="GRCAUD_AUDIT_SRV.GRCAUD_CV_AuditType"/>
				<End Multiplicity="*" Role="ToRole_assoc_35F27F87B9399271BF238C9AC569BD10" Type="GRCAUD_AUDIT_SRV.GRCAUD_CV_RiskByAuditType"/>
			</Association>
			<Association Name="assoc_611BFF43E81BFE84D5868338A12B5BF0" sap:content-version="1">
				<End Multiplicity="1" Role="FromRole_assoc_611BFF43E81BFE84D5868338A12B5BF0" Type="GRCAUD_AUDIT_SRV.GRCAUD_CV_AuditType"/>
				<End Multiplicity="*" Role="ToRole_assoc_611BFF43E81BFE84D5868338A12B5BF0" Type="GRCAUD_AUDIT_SRV.GRCAUD_CV_AssignedScopeHierType"/>
			</Association>
			<Association Name="assoc_E935EACCB7D2AF7B9EB4C4FE3779514E" sap:content-version="1">
				<End Multiplicity="1" Role="FromRole_assoc_E935EACCB7D2AF7B9EB4C4FE3779514E" Type="GRCAUD_AUDIT_SRV.GRCAUD_CV_AuditType"/>
				<End Multiplicity="1" Role="ToRole_assoc_E935EACCB7D2AF7B9EB4C4FE3779514E" Type="GRCAUD_AUDIT_SRV.GRCAUD_IV_AuditScopeSchemaType"/>
			</Association>
			<Association Name="assoc_85D9EA933BFE8CCA8B67E6FF3D77B0C9" sap:content-version="1">
				<End Multiplicity="1" Role="FromRole_assoc_85D9EA933BFE8CCA8B67E6FF3D77B0C9" Type="GRCAUD_AUDIT_SRV.GRCAUD_CV_AuditType"/>
				<End Multiplicity="*" Role="ToRole_assoc_85D9EA933BFE8CCA8B67E6FF3D77B0C9" Type="GRCAUD_AUDIT_SRV.GRCAUD_IV_TagType"/>
			</Association>
			<Association Name="assoc_C4473C177A31D44C5B8A6AEE01CE1234" sap:content-version="1">
				<End Multiplicity="1" Role="FromRole_assoc_C4473C177A31D44C5B8A6AEE01CE1234" Type="GRCAUD_AUDIT_SRV.GRCAUD_CV_AssignedScopeHierType"/>
				<End Multiplicity="*" Role="ToRole_assoc_C4473C177A31D44C5B8A6AEE01CE1234" Type="GRCAUD_AUDIT_SRV.GRCAUD_CV_UserRoleByScopeType"/>
			</Association>
			<Association Name="assoc_E87F789C38450E86058C51A9BA18134F" sap:content-version="1">
				<End Multiplicity="1" Role="FromRole_assoc_E87F789C38450E86058C51A9BA18134F" Type="GRCAUD_AUDIT_SRV.GRCAUD_CV_AuditActivityHistoryType"/>
				<End Multiplicity="0..1" Role="ToRole_assoc_E87F789C38450E86058C51A9BA18134F" Type="GRCAUD_AUDIT_SRV.FRA_IV_UserInformationType"/>
			</Association>
			<Association Name="assoc_4B970C212BFF0C5051FCE08769D84024" sap:content-version="1">
				<End Multiplicity="1" Role="FromRole_assoc_4B970C212BFF0C5051FCE08769D84024" Type="GRCAUD_AUDIT_SRV.GRCAUD_CV_AuditActivityHistoryType"/>
				<End Multiplicity="0..1" Role="ToRole_assoc_4B970C212BFF0C5051FCE08769D84024" Type="GRCAUD_AUDIT_SRV.GRCAUD_IV_UserInformationType"/>
			</Association>
			<Association Name="assoc_716283DFA2E2B9962FF1CBD2E68998DB" sap:content-version="1">
				<End Multiplicity="1" Role="FromRole_assoc_716283DFA2E2B9962FF1CBD2E68998DB" Type="GRCAUD_AUDIT_SRV.GRCAUD_CV_AuditActivityHistoryType"/>
				<End Multiplicity="*" Role="ToRole_assoc_716283DFA2E2B9962FF1CBD2E68998DB" Type="GRCAUD_AUDIT_SRV.GRCAUD_CV_ChangeDocForUserRoleType"/>
			</Association>
			<Association Name="assoc_F73BE3A97AC0818AA44D4240384F7EEA" sap:content-version="1">
				<End Multiplicity="1" Role="FromRole_assoc_F73BE3A97AC0818AA44D4240384F7EEA" Type="GRCAUD_AUDIT_SRV.GRCAUD_CV_AuditActivityHistoryType"/>
				<End Multiplicity="0..1" Role="ToRole_assoc_F73BE3A97AC0818AA44D4240384F7EEA" Type="GRCAUD_AUDIT_SRV.FRA_IV_UserInformationType"/>
			</Association>
			<Association Name="assoc_848005675B1466E6337B36040FD159DF" sap:content-version="1">
				<End Multiplicity="1" Role="FromRole_assoc_848005675B1466E6337B36040FD159DF" Type="GRCAUD_AUDIT_SRV.GRCAUD_CV_AuditActivityHistoryType"/>
				<End Multiplicity="*" Role="ToRole_assoc_848005675B1466E6337B36040FD159DF" Type="GRCAUD_AUDIT_SRV.GRCAUD_CV_ChangeDocumentType"/>
			</Association>
			<Association Name="assoc_F7A415110F0D348DA4FE6A4232055371" sap:content-version="1">
				<End Multiplicity="1" Role="FromRole_assoc_F7A415110F0D348DA4FE6A4232055371" Type="GRCAUD_AUDIT_SRV.GRCAUD_IV_AuditScopeSchemaType"/>
				<End Multiplicity="*" Role="ToRole_assoc_F7A415110F0D348DA4FE6A4232055371" Type="GRCAUD_AUDIT_SRV.GRCAUD_IV_ScopeSchemaLevelType"/>
			</Association>
			<EntityContainer Name="GRCAUD_AUDIT_SRV_Entities" m:IsDefaultEntityContainer="true" sap:supported-formats="atom json xlsx">
				<EntitySet EntityType="GRCAUD_AUDIT_SRV.NameValuePair" Name="NameValuePairSet" sap:addressable="false" sap:content-version="1" sap:creatable="false" sap:deletable="false" sap:pageable="false" sap:updatable="false"/>
				<EntitySet EntityType="GRCAUD_AUDIT_SRV.FRA_IV_UserInformationType" Name="FRA_IV_UserInformation" sap:content-version="1" sap:creatable="false" sap:deletable="false" sap:searchable="true" sap:updatable="false"/>
				<EntitySet EntityType="GRCAUD_AUDIT_SRV.GRCAUD_CV_AdtblByAuditType" Name="GRCAUD_CV_AdtblByAudit" sap:content-version="1" sap:creatable="false" sap:deletable="false" sap:searchable="true" sap:updatable="false"/>
				<EntitySet EntityType="GRCAUD_AUDIT_SRV.GRCAUD_CV_AuditActivityHistoryType" Name="GRCAUD_CV_AuditActivityHistory" sap:content-version="1" sap:creatable="false" sap:deletable="false" sap:updatable="false"/>
				<EntitySet EntityType="GRCAUD_AUDIT_SRV.GRCAUD_CV_AuditCountType" Name="GRCAUD_CV_AuditCount" sap:content-version="1" sap:creatable="false" sap:deletable="false" sap:updatable="false"/>
				<EntitySet EntityType="GRCAUD_AUDIT_SRV.GRCAUD_CV_ChangeDocForUserRoleType" Name="GRCAUD_CV_ChangeDocForUserRole" sap:content-version="1" sap:creatable="false" sap:deletable="false" sap:updatable="false"/>
				<EntitySet EntityType="GRCAUD_AUDIT_SRV.GRCAUD_CV_ChangeDocumentType" Name="GRCAUD_CV_ChangeDocument" sap:content-version="1" sap:creatable="false" sap:deletable="false" sap:updatable="false"/>
				<EntitySet EntityType="GRCAUD_AUDIT_SRV.GRCAUD_CV_DimensionByAuditType" Name="GRCAUD_CV_DimensionByAudit" sap:content-version="1" sap:creatable="false" sap:deletable="false" sap:searchable="true" sap:updatable="false"/>
				<EntitySet EntityType="GRCAUD_AUDIT_SRV.GRCAUD_CV_FindingType" Name="GRCAUD_CV_Finding" sap:content-version="1" sap:creatable="false" sap:deletable="false" sap:searchable="true"/>
				<EntitySet EntityType="GRCAUD_AUDIT_SRV.GRCAUD_CV_OrganizationByAuditType" Name="GRCAUD_CV_OrganizationByAudit" sap:content-version="1" sap:creatable="false" sap:deletable="false" sap:searchable="true" sap:updatable="false"/>
				<EntitySet EntityType="GRCAUD_AUDIT_SRV.GRCAUD_CV_RiskByAuditType" Name="GRCAUD_CV_RiskByAudit" sap:content-version="1" sap:creatable="false" sap:deletable="false" sap:searchable="true" sap:updatable="false"/>
				<EntitySet EntityType="GRCAUD_AUDIT_SRV.GRCAUD_CV_AssignedScopeHierType" Name="GRCAUD_CV_AssignedScopeHier" sap:content-version="1" sap:creatable="false" sap:deletable="false" sap:updatable="false"/>
				<EntitySet EntityType="GRCAUD_AUDIT_SRV.GRCAUD_CV_UserRoleByScopeType" Name="GRCAUD_CV_UserRoleByScope" sap:content-version="1" sap:creatable="false" sap:deletable="false" sap:updatable="false"/>
				<EntitySet EntityType="GRCAUD_AUDIT_SRV.GRCAUD_EV_AuditExtensionType" Name="GRCAUD_EV_AuditExtension" sap:content-version="1" sap:creatable="false" sap:deletable="false" sap:updatable="false"/>
				<EntitySet EntityType="GRCAUD_AUDIT_SRV.GRCAUD_IV_AuditCategoryType" Name="GRCAUD_IV_AuditCategory" sap:content-version="1" sap:creatable="false" sap:deletable="false" sap:updatable="false"/>
				<EntitySet EntityType="GRCAUD_AUDIT_SRV.GRCAUD_IV_AuditGroupType" Name="GRCAUD_IV_AuditGroup" sap:content-version="1" sap:creatable="false" sap:deletable="false" sap:updatable="false"/>
				<EntitySet EntityType="GRCAUD_AUDIT_SRV.GRCAUD_IV_AuditScopeSchemaType" Name="GRCAUD_IV_AuditScopeSchema" sap:content-version="1" sap:creatable="false" sap:deletable="false" sap:updatable="false"/>
				<EntitySet EntityType="GRCAUD_AUDIT_SRV.GRCAUD_IV_AuditStatusType" Name="GRCAUD_IV_AuditStatus" sap:content-version="1" sap:creatable="false" sap:deletable="false" sap:updatable="false"/>
				<EntitySet EntityType="GRCAUD_AUDIT_SRV.GRCAUD_IV_AuditTypeType" Name="GRCAUD_IV_AuditType" sap:content-version="1" sap:creatable="false" sap:deletable="false" sap:updatable="false"/>
				<EntitySet EntityType="GRCAUD_AUDIT_SRV.GRCAUD_IV_ScopeSchemaLevelType" Name="GRCAUD_IV_ScopeSchemaLevel" sap:content-version="1" sap:creatable="false" sap:deletable="false" sap:updatable="false"/>
				<EntitySet EntityType="GRCAUD_AUDIT_SRV.GRCAUD_IV_TagType" Name="GRCAUD_IV_Tag" sap:content-version="1" sap:creatable="false" sap:deletable="false" sap:updatable="false"/>
				<EntitySet EntityType="GRCAUD_AUDIT_SRV.GRCAUD_IV_UserInformationType" Name="GRCAUD_IV_UserInformation" sap:content-version="1" sap:creatable="false" sap:deletable="false" sap:searchable="true" sap:updatable="false"/>
				<EntitySet EntityType="GRCAUD_AUDIT_SRV.GRCAUD_IV_UserRoleType" Name="GRCAUD_IV_UserRole" sap:content-version="1" sap:creatable="false" sap:deletable="false" sap:updatable="false"/>
				<EntitySet EntityType="GRCAUD_AUDIT_SRV.GRCAUD_CV_AuditType" Name="GRCAUD_CV_Audit" sap:content-version="1" sap:creatable="false" sap:deletable="false"/>
				<AssociationSet Association="GRCAUD_AUDIT_SRV.assoc_249B08D726A623E61F67EAFA47D350AC" Name="assoc_249B08D726A623E61F67EAFA47D350AC" sap:content-version="1" sap:creatable="false" sap:deletable="false" sap:updatable="false">
					<End EntitySet="GRCAUD_CV_Audit" Role="FromRole_assoc_249B08D726A623E61F67EAFA47D350AC"/>
					<End EntitySet="GRCAUD_IV_UserRole" Role="ToRole_assoc_249B08D726A623E61F67EAFA47D350AC"/>
				</AssociationSet>
				<AssociationSet Association="GRCAUD_AUDIT_SRV.assoc_E87F789C38450E86058C51A9BA18134F" Name="assoc_E87F789C38450E86058C51A9BA18134F" sap:content-version="1" sap:creatable="false" sap:deletable="false" sap:updatable="false">
					<End EntitySet="GRCAUD_CV_AuditActivityHistory" Role="FromRole_assoc_E87F789C38450E86058C51A9BA18134F"/>
					<End EntitySet="FRA_IV_UserInformation" Role="ToRole_assoc_E87F789C38450E86058C51A9BA18134F"/>
				</AssociationSet>
				<AssociationSet Association="GRCAUD_AUDIT_SRV.assoc_D0D788F8378F16808FC082CF589D9C3B" Name="assoc_D0D788F8378F16808FC082CF589D9C3B" sap:content-version="1" sap:creatable="false" sap:deletable="false" sap:updatable="false">
					<End EntitySet="GRCAUD_CV_Audit" Role="FromRole_assoc_D0D788F8378F16808FC082CF589D9C3B"/>
					<End EntitySet="GRCAUD_IV_UserRole" Role="ToRole_assoc_D0D788F8378F16808FC082CF589D9C3B"/>
				</AssociationSet>
				<AssociationSet Association="GRCAUD_AUDIT_SRV.assoc_ABA8402926C0193C3D295FFB2BC47906" Name="assoc_ABA8402926C0193C3D295FFB2BC47906" sap:content-version="1" sap:creatable="false" sap:deletable="false" sap:updatable="false">
					<End EntitySet="GRCAUD_CV_Audit" Role="FromRole_assoc_ABA8402926C0193C3D295FFB2BC47906"/>
					<End EntitySet="GRCAUD_CV_OrganizationByAudit" Role="ToRole_assoc_ABA8402926C0193C3D295FFB2BC47906"/>
				</AssociationSet>
				<AssociationSet Association="GRCAUD_AUDIT_SRV.assoc_CF6167F489EBA7292A7300585B0DC265" Name="assoc_CF6167F489EBA7292A7300585B0DC265" sap:content-version="1" sap:creatable="false" sap:deletable="false" sap:updatable="false">
					<End EntitySet="GRCAUD_CV_Audit" Role="FromRole_assoc_CF6167F489EBA7292A7300585B0DC265"/>
					<End EntitySet="GRCAUD_CV_AdtblByAudit" Role="ToRole_assoc_CF6167F489EBA7292A7300585B0DC265"/>
				</AssociationSet>
				<AssociationSet Association="GRCAUD_AUDIT_SRV.assoc_611BFF43E81BFE84D5868338A12B5BF0" Name="assoc_611BFF43E81BFE84D5868338A12B5BF0" sap:content-version="1" sap:creatable="false" sap:deletable="false" sap:updatable="false">
					<End EntitySet="GRCAUD_CV_Audit" Role="FromRole_assoc_611BFF43E81BFE84D5868338A12B5BF0"/>
					<End EntitySet="GRCAUD_CV_AssignedScopeHier" Role="ToRole_assoc_611BFF43E81BFE84D5868338A12B5BF0"/>
				</AssociationSet>
				<AssociationSet Association="GRCAUD_AUDIT_SRV.assoc_216F2CCDD5F4896E5C84CAE0130A0726" Name="assoc_216F2CCDD5F4896E5C84CAE0130A0726" sap:content-version="1" sap:creatable="false" sap:deletable="false" sap:updatable="false">
					<End EntitySet="GRCAUD_CV_Audit" Role="FromRole_assoc_216F2CCDD5F4896E5C84CAE0130A0726"/>
					<End EntitySet="GRCAUD_IV_UserRole" Role="ToRole_assoc_216F2CCDD5F4896E5C84CAE0130A0726"/>
				</AssociationSet>
				<AssociationSet Association="GRCAUD_AUDIT_SRV.assoc_716283DFA2E2B9962FF1CBD2E68998DB" Name="assoc_716283DFA2E2B9962FF1CBD2E68998DB" sap:content-version="1" sap:creatable="false" sap:deletable="false" sap:updatable="false">
					<End EntitySet="GRCAUD_CV_AuditActivityHistory" Role="FromRole_assoc_716283DFA2E2B9962FF1CBD2E68998DB"/>
					<End EntitySet="GRCAUD_CV_ChangeDocForUserRole" Role="ToRole_assoc_716283DFA2E2B9962FF1CBD2E68998DB"/>
				</AssociationSet>
				<AssociationSet Association="GRCAUD_AUDIT_SRV.assoc_DD1F0947E10EBFE43E037F52925090DF" Name="assoc_DD1F0947E10EBFE43E037F52925090DF" sap:content-version="1" sap:creatable="false" sap:deletable="false" sap:updatable="false">
					<End EntitySet="GRCAUD_CV_Audit" Role="FromRole_assoc_DD1F0947E10EBFE43E037F52925090DF"/>
					<End EntitySet="GRCAUD_CV_DimensionByAudit" Role="ToRole_assoc_DD1F0947E10EBFE43E037F52925090DF"/>
				</AssociationSet>
				<AssociationSet Association="GRCAUD_AUDIT_SRV.assoc_F73BE3A97AC0818AA44D4240384F7EEA" Name="assoc_F73BE3A97AC0818AA44D4240384F7EEA" sap:content-version="1" sap:creatable="false" sap:deletable="false" sap:updatable="false">
					<End EntitySet="GRCAUD_CV_AuditActivityHistory" Role="FromRole_assoc_F73BE3A97AC0818AA44D4240384F7EEA"/>
					<End EntitySet="FRA_IV_UserInformation" Role="ToRole_assoc_F73BE3A97AC0818AA44D4240384F7EEA"/>
				</AssociationSet>
				<AssociationSet Association="GRCAUD_AUDIT_SRV.assoc_35F27F87B9399271BF238C9AC569BD10" Name="assoc_35F27F87B9399271BF238C9AC569BD10" sap:content-version="1" sap:creatable="false" sap:deletable="false" sap:updatable="false">
					<End EntitySet="GRCAUD_CV_Audit" Role="FromRole_assoc_35F27F87B9399271BF238C9AC569BD10"/>
					<End EntitySet="GRCAUD_CV_RiskByAudit" Role="ToRole_assoc_35F27F87B9399271BF238C9AC569BD10"/>
				</AssociationSet>
				<AssociationSet Association="GRCAUD_AUDIT_SRV.assoc_276BF88BF7772E850C4B85DEB5C0DE8B" Name="assoc_276BF88BF7772E850C4B85DEB5C0DE8B" sap:content-version="1" sap:creatable="false" sap:deletable="false" sap:updatable="false">
					<End EntitySet="GRCAUD_CV_Audit" Role="FromRole_assoc_276BF88BF7772E850C4B85DEB5C0DE8B"/>
					<End EntitySet="GRCAUD_IV_AuditType" Role="ToRole_assoc_276BF88BF7772E850C4B85DEB5C0DE8B"/>
				</AssociationSet>
				<AssociationSet Association="GRCAUD_AUDIT_SRV.assoc_F7A415110F0D348DA4FE6A4232055371" Name="assoc_F7A415110F0D348DA4FE6A4232055371" sap:content-version="1" sap:creatable="false" sap:deletable="false" sap:updatable="false">
					<End EntitySet="GRCAUD_IV_AuditScopeSchema" Role="FromRole_assoc_F7A415110F0D348DA4FE6A4232055371"/>
					<End EntitySet="GRCAUD_IV_ScopeSchemaLevel" Role="ToRole_assoc_F7A415110F0D348DA4FE6A4232055371"/>
				</AssociationSet>
				<AssociationSet Association="GRCAUD_AUDIT_SRV.assoc_8EAFF50DE32C2911A3BA32F2F908065F" Name="assoc_8EAFF50DE32C2911A3BA32F2F908065F" sap:content-version="1" sap:creatable="false" sap:deletable="false" sap:updatable="false">
					<End EntitySet="GRCAUD_CV_Audit" Role="FromRole_assoc_8EAFF50DE32C2911A3BA32F2F908065F"/>
					<End EntitySet="GRCAUD_EV_AuditExtension" Role="ToRole_assoc_8EAFF50DE32C2911A3BA32F2F908065F"/>
				</AssociationSet>
				<AssociationSet Association="GRCAUD_AUDIT_SRV.assoc_5546C8031ECEA3DF59CEA9290C26B543" Name="assoc_5546C8031ECEA3DF59CEA9290C26B543" sap:content-version="1" sap:creatable="false" sap:deletable="false" sap:updatable="false">
					<End EntitySet="GRCAUD_CV_Audit" Role="FromRole_assoc_5546C8031ECEA3DF59CEA9290C26B543"/>
					<End EntitySet="GRCAUD_CV_Finding" Role="ToRole_assoc_5546C8031ECEA3DF59CEA9290C26B543"/>
				</AssociationSet>
				<AssociationSet Association="GRCAUD_AUDIT_SRV.assoc_E935EACCB7D2AF7B9EB4C4FE3779514E" Name="assoc_E935EACCB7D2AF7B9EB4C4FE3779514E" sap:content-version="1" sap:creatable="false" sap:deletable="false" sap:updatable="false">
					<End EntitySet="GRCAUD_CV_Audit" Role="FromRole_assoc_E935EACCB7D2AF7B9EB4C4FE3779514E"/>
					<End EntitySet="GRCAUD_IV_AuditScopeSchema" Role="ToRole_assoc_E935EACCB7D2AF7B9EB4C4FE3779514E"/>
				</AssociationSet>
				<AssociationSet Association="GRCAUD_AUDIT_SRV.assoc_1831BD4D7DC86A57F282ACEED158E182" Name="assoc_1831BD4D7DC86A57F282ACEED158E182" sap:content-version="1" sap:creatable="false" sap:deletable="false" sap:updatable="false">
					<End EntitySet="GRCAUD_CV_Audit" Role="FromRole_assoc_1831BD4D7DC86A57F282ACEED158E182"/>
					<End EntitySet="GRCAUD_IV_UserRole" Role="ToRole_assoc_1831BD4D7DC86A57F282ACEED158E182"/>
				</AssociationSet>
				<AssociationSet Association="GRCAUD_AUDIT_SRV.assoc_85D9EA933BFE8CCA8B67E6FF3D77B0C9" Name="assoc_85D9EA933BFE8CCA8B67E6FF3D77B0C9" sap:content-version="1" sap:creatable="false" sap:deletable="false" sap:updatable="false">
					<End EntitySet="GRCAUD_CV_Audit" Role="FromRole_assoc_85D9EA933BFE8CCA8B67E6FF3D77B0C9"/>
					<End EntitySet="GRCAUD_IV_Tag" Role="ToRole_assoc_85D9EA933BFE8CCA8B67E6FF3D77B0C9"/>
				</AssociationSet>
				<AssociationSet Association="GRCAUD_AUDIT_SRV.assoc_FB8F45CC9AE5250BB3BC832B5BC12415" Name="assoc_FB8F45CC9AE5250BB3BC832B5BC12415" sap:content-version="1" sap:creatable="false" sap:deletable="false" sap:updatable="false">
					<End EntitySet="GRCAUD_CV_Audit" Role="FromRole_assoc_FB8F45CC9AE5250BB3BC832B5BC12415"/>
					<End EntitySet="GRCAUD_IV_AuditGroup" Role="ToRole_assoc_FB8F45CC9AE5250BB3BC832B5BC12415"/>
				</AssociationSet>
				<AssociationSet Association="GRCAUD_AUDIT_SRV.assoc_848005675B1466E6337B36040FD159DF" Name="assoc_848005675B1466E6337B36040FD159DF" sap:content-version="1" sap:creatable="false" sap:deletable="false" sap:updatable="false">
					<End EntitySet="GRCAUD_CV_AuditActivityHistory" Role="FromRole_assoc_848005675B1466E6337B36040FD159DF"/>
					<End EntitySet="GRCAUD_CV_ChangeDocument" Role="ToRole_assoc_848005675B1466E6337B36040FD159DF"/>
				</AssociationSet>
				<AssociationSet Association="GRCAUD_AUDIT_SRV.assoc_4B970C212BFF0C5051FCE08769D84024" Name="assoc_4B970C212BFF0C5051FCE08769D84024" sap:content-version="1" sap:creatable="false" sap:deletable="false" sap:updatable="false">
					<End EntitySet="GRCAUD_CV_AuditActivityHistory" Role="FromRole_assoc_4B970C212BFF0C5051FCE08769D84024"/>
					<End EntitySet="GRCAUD_IV_UserInformation" Role="ToRole_assoc_4B970C212BFF0C5051FCE08769D84024"/>
				</AssociationSet>
				<AssociationSet Association="GRCAUD_AUDIT_SRV.assoc_1A6E1FCA329B04252A1AA505F7B36385" Name="assoc_1A6E1FCA329B04252A1AA505F7B36385" sap:content-version="1" sap:creatable="false" sap:deletable="false" sap:updatable="false">
					<End EntitySet="GRCAUD_CV_Audit" Role="FromRole_assoc_1A6E1FCA329B04252A1AA505F7B36385"/>
					<End EntitySet="GRCAUD_IV_AuditStatus" Role="ToRole_assoc_1A6E1FCA329B04252A1AA505F7B36385"/>
				</AssociationSet>
				<AssociationSet Association="GRCAUD_AUDIT_SRV.assoc_C4473C177A31D44C5B8A6AEE01CE1234" Name="assoc_C4473C177A31D44C5B8A6AEE01CE1234" sap:content-version="1" sap:creatable="false" sap:deletable="false" sap:updatable="false">
					<End EntitySet="GRCAUD_CV_AssignedScopeHier" Role="FromRole_assoc_C4473C177A31D44C5B8A6AEE01CE1234"/>
					<End EntitySet="GRCAUD_CV_UserRoleByScope" Role="ToRole_assoc_C4473C177A31D44C5B8A6AEE01CE1234"/>
				</AssociationSet>
				<AssociationSet Association="GRCAUD_AUDIT_SRV.assoc_CC32FA465BE112F2565AE72E8B3594EF" Name="assoc_CC32FA465BE112F2565AE72E8B3594EF" sap:content-version="1" sap:creatable="false" sap:deletable="false" sap:updatable="false">
					<End EntitySet="GRCAUD_CV_Audit" Role="FromRole_assoc_CC32FA465BE112F2565AE72E8B3594EF"/>
					<End EntitySet="GRCAUD_CV_AuditCount" Role="ToRole_assoc_CC32FA465BE112F2565AE72E8B3594EF"/>
				</AssociationSet>
				<AssociationSet Association="GRCAUD_AUDIT_SRV.assoc_51E50907FD2E2857491AC8D8CCFEFF47" Name="assoc_51E50907FD2E2857491AC8D8CCFEFF47" sap:content-version="1" sap:creatable="false" sap:deletable="false" sap:updatable="false">
					<End EntitySet="GRCAUD_CV_Audit" Role="FromRole_assoc_51E50907FD2E2857491AC8D8CCFEFF47"/>
					<End EntitySet="GRCAUD_IV_UserRole" Role="ToRole_assoc_51E50907FD2E2857491AC8D8CCFEFF47"/>
				</AssociationSet>
				<AssociationSet Association="GRCAUD_AUDIT_SRV.assoc_FD67CF739285C9DF8AB66F8B3C71FF38" Name="assoc_FD67CF739285C9DF8AB66F8B3C71FF38" sap:content-version="1" sap:creatable="false" sap:deletable="false" sap:updatable="false">
					<End EntitySet="GRCAUD_CV_Audit" Role="FromRole_assoc_FD67CF739285C9DF8AB66F8B3C71FF38"/>
					<End EntitySet="GRCAUD_CV_AuditActivityHistory" Role="ToRole_assoc_FD67CF739285C9DF8AB66F8B3C71FF38"/>
				</AssociationSet>
				<AssociationSet Association="GRCAUD_AUDIT_SRV.assoc_168D8D4656FBA4857EEDD432BB766F39" Name="assoc_168D8D4656FBA4857EEDD432BB766F39" sap:content-version="1" sap:creatable="false" sap:deletable="false" sap:updatable="false">
					<End EntitySet="GRCAUD_CV_Audit" Role="FromRole_assoc_168D8D4656FBA4857EEDD432BB766F39"/>
					<End EntitySet="GRCAUD_IV_AuditCategory" Role="ToRole_assoc_168D8D4656FBA4857EEDD432BB766F39"/>
				</AssociationSet>
				<FunctionImport EntitySet="NameValuePairSet" Name="GetAllowedWorkPaperCategories" ReturnType="Collection(GRCAUD_AUDIT_SRV.NameValuePair)" m:HttpMethod="GET">
					<Parameter Mode="In" Name="Key" Type="Edm.Guid"/>
				</FunctionImport>
			</EntityContainer>
			<Annotations Target="GRCAUD_AUDIT_SRV.GRCAUD_CV_AuditType/Status" xmlns="http://docs.oasis-open.org/odata/ns/edm">
				<Annotation Term="Common.ValueList">
					<Record>
						<PropertyValue Property="Label" String="Audit Status"/>
						<PropertyValue Property="CollectionPath" String="GRCAUD_IV_AuditStatus"/>
						<PropertyValue Bool="false" Property="SearchSupported"/>
						<PropertyValue Property="Parameters">
							<Collection>
								<Record Type="Common.ValueListParameterInOut">
									<PropertyValue Property="LocalDataProperty" PropertyPath="Status"/>
									<PropertyValue Property="ValueListProperty" String="AuditStatus"/>
								</Record>
							</Collection>
						</PropertyValue>
					</Record>
				</Annotation>
			</Annotations>
			<Annotations Target="GRCAUD_AUDIT_SRV.GRCAUD_CV_AuditType/Type" xmlns="http://docs.oasis-open.org/odata/ns/edm">
				<Annotation Term="Common.ValueList">
					<Record>
						<PropertyValue Property="Label" String="Audit Type"/>
						<PropertyValue Property="CollectionPath" String="GRCAUD_IV_AuditType"/>
						<PropertyValue Bool="false" Property="SearchSupported"/>
						<PropertyValue Property="Parameters">
							<Collection>
								<Record Type="Common.ValueListParameterInOut">
									<PropertyValue Property="LocalDataProperty" PropertyPath="Type"/>
									<PropertyValue Property="ValueListProperty" String="AuditType"/>
								</Record>
							</Collection>
						</PropertyValue>
					</Record>
				</Annotation>
			</Annotations>
			<Annotations Target="GRCAUD_AUDIT_SRV.GRCAUD_CV_AuditType/AuditGroup" xmlns="http://docs.oasis-open.org/odata/ns/edm">
				<Annotation Term="Common.ValueList">
					<Record>
						<PropertyValue Property="Label" String="Audit Group"/>
						<PropertyValue Property="CollectionPath" String="GRCAUD_IV_AuditGroup"/>
						<PropertyValue Bool="false" Property="SearchSupported"/>
						<PropertyValue Property="Parameters">
							<Collection>
								<Record Type="Common.ValueListParameterInOut">
									<PropertyValue Property="LocalDataProperty" PropertyPath="AuditGroup"/>
									<PropertyValue Property="ValueListProperty" String="AuditGroup"/>
								</Record>
							</Collection>
						</PropertyValue>
					</Record>
				</Annotation>
			</Annotations>
			<Annotations Target="GRCAUD_AUDIT_SRV.GRCAUD_CV_AuditType/Category" xmlns="http://docs.oasis-open.org/odata/ns/edm">
				<Annotation Term="Common.ValueList">
					<Record>
						<PropertyValue Property="Label" String="Audit Category"/>
						<PropertyValue Property="CollectionPath" String="GRCAUD_IV_AuditCategory"/>
						<PropertyValue Bool="false" Property="SearchSupported"/>
						<PropertyValue Property="Parameters">
							<Collection>
								<Record Type="Common.ValueListParameterInOut">
									<PropertyValue Property="LocalDataProperty" PropertyPath="Category"/>
									<PropertyValue Property="ValueListProperty" String="AuditCategory"/>
								</Record>
							</Collection>
						</PropertyValue>
					</Record>
				</Annotation>
			</Annotations>
			<Annotations Target="GRCAUD_AUDIT_SRV.GRCAUD_CV_AuditType/AuditManager" xmlns="http://docs.oasis-open.org/odata/ns/edm">
				<Annotation Term="Common.ValueList">
					<Record>
						<PropertyValue Property="Label" String="User Role Assignment"/>
						<PropertyValue Property="CollectionPath" String="GRCAUD_IV_UserRole"/>
						<PropertyValue Bool="false" Property="SearchSupported"/>
						<PropertyValue Property="Parameters">
							<Collection>
								<Record Type="Common.ValueListParameterInOut">
									<PropertyValue Property="LocalDataProperty" PropertyPath="DBKey"/>
									<PropertyValue Property="ValueListProperty" String="HostKey"/>
								</Record>
							</Collection>
						</PropertyValue>
					</Record>
				</Annotation>
			</Annotations>
			<Annotations Target="GRCAUD_AUDIT_SRV.GRCAUD_CV_AuditType/AuditLead" xmlns="http://docs.oasis-open.org/odata/ns/edm">
				<Annotation Term="Common.ValueList">
					<Record>
						<PropertyValue Property="Label" String="User Role Assignment"/>
						<PropertyValue Property="CollectionPath" String="GRCAUD_IV_UserRole"/>
						<PropertyValue Bool="false" Property="SearchSupported"/>
						<PropertyValue Property="Parameters">
							<Collection>
								<Record Type="Common.ValueListParameterInOut">
									<PropertyValue Property="LocalDataProperty" PropertyPath="DBKey"/>
									<PropertyValue Property="ValueListProperty" String="HostKey"/>
								</Record>
							</Collection>
						</PropertyValue>
					</Record>
				</Annotation>
			</Annotations>
			<atom:link href="" rel="self" xmlns:atom="http://www.w3.org/2005/Atom"/>
			<atom:link href="" rel="latest-version" xmlns:atom="http://www.w3.org/2005/Atom"/>
		</Schema>
	</edmx:DataServices>
</edmx:Edmx>