{
	"_version": "1.1.0",
	"resources": [
		{
			"name": "Component-dbg.js",
			"module": "sap/grc/acs/aud/action/display/extended/Component.js",
			"isDebug": true,
			"required": [
				"sap/grc/acs/aud/action/app/Component.js",
				"sap/ui/Device.js",
				"sap/ui/core/UIComponent.js"
			]
		},
		
		
		{
			"name": "Component.js",
			"module": "sap/grc/acs/aud/action/display/extended/Component.js",
			"required": [
				"sap/grc/acs/aud/action/app/Component.js",
				"sap/ui/Device.js",
				"sap/ui/core/UIComponent.js"
			]
		},
		{
			"name": "i18n/i18n.properties",
			"module": "sap/grc/acs/aud/action/display/extended/i18n/i18n.properties",
			"locale": "",
			"raw": "i18n/i18n.properties"
		},
		{
			"name": "i18n/i18n_es.properties",
			"module": "ssap/grc/acs/aud/action/display/extended/i18n/i18n_es.properties",
			"locale": "es",
			"raw": "i18n/i18n.properties"
		},
	    {
      "name": "view/Object.view.xml",
      "module": "sap/grc/acs/aud/action/display/extended/view/Object.view.xml"
    },
	{
      "name": "controller/Object.controller.js",
      "module": "sap/grc/acs/aud/action/display/extended/controller/Object.controller.js"
    },
	    {
      "name": "block/view/SubActionPlan.view.xml",
      "module": "sap/grc/acs/aud/action/display/extended/block/view/SubActionPlan.view.xml"
    },
    {
      "name": "block/view/Limitations.view.xml",
      "module": "sap/grc/acs/aud/action/display/extended/block/view/Limitations.view.xml"
    },
    {
      "name": "block/controller/SubActionPlan.controller.js",
      "module": "sap/grc/acs/aud/action/display/extended/block/controller/SubActionPlan.controller.js"
    },
    {
      "name": "block/controller/Limitations.controller.js",
      "module": "sap/grc/acs/aud/action/display/extended/block/controller/Limitations.controller.js"
    },
    {
      "name": "block/Limitations.js",
      "module": "sap/grc/acs/aud/action/display/extended/block/Limitations.js"
    },
    {
      "name": "controller/Object.controller.js",
      "module": "sap/grc/acs/aud/action/display/extended/controller/Object.controller.js"
    },
    {
      "name": "controller/Worklist.controller.js",
      "module": "sap/grc/acs/aud/action/display/extended/controller/Worklist.controller.js"
    },
    {
      "name": "view/Worklist.view.xml",
      "module": "sap/grc/acs/aud/action/display/extended/view/Worklist.view.xml"
    },
     {
   "name": "util/FieldExtensibilityUtil.js",
   "module":"sap/grc/acs/aud/action/display/extended/util/FieldExtensibilityUtil.js",   
   "required": [
    "sap/ui/comp/smartfield/SmartField.js", 
    "sap/ui/comp/smartfield/SmartLabel.js",
    "sap/ui/comp/smartform/GroupElement.js",
    "sap/ui/richtexteditor/RichTextEditor.js"
   ],
   "condRequired": [
    "sap/grc/acs/lib/aud/utils/Constant.js"
   ]
  },
	{
		"name": "manifest.json",
		"module": "sap/grc/acs/aud/action/display/extended/manifest.json"
	},
	{
		"name": "resources.json"
	},
	{
		"name": "version.json"
	}
	]
}