{
	"_version": "1.1.0",
	"resources": [
		{
			"name": "Component-dbg.js",
			"module": "sap/grc/acs/aud/finding/execute/extended/Component.js",
			"isDebug": true,
			"required": [
				"sap/grc/acs/aud/finding/app/Component.js",
				"sap/ui/Device.js",
				"sap/ui/core/UIComponent.js"
			]
		},
		
		
		{
			"name": "Component.js",
			"module": "sap/grc/acs/aud/finding/execute/extended/Component.js",
			"required": [
				"sap/grc/acs/aud/finding/app/Component.js",
				"sap/ui/Device.js",
				"sap/ui/core/UIComponent.js"
			]
		},
		{
			"name": "i18n/i18n.properties",
			"module": "sap/grc/acs/aud/finding/execute/extended/i18n/i18n.properties",
			"locale": "",
			"raw": "i18n/i18n.properties"
		},
		{
			"name": "i18n/i18n_es.properties",
			"module": "sap/grc/acs/aud/finding/execute/extended/i18n/i18n_es.properties",
			"locale": "es",
			"raw": "i18n/i18n.properties"
		},
	    {
      "name": "view/Object.view.xml",
      "module": "sap/grc/acs/aud/finding/execute/extended/view/Object.view.xml"
    },
	{
      "name": "controller/Object.controller.js",
      "module": "sap/grc/acs/aud/finding/execute/extended/controller/Object.controller.js"
    },
	    {
      "name": "block/view/ActionPlan.view.xml",
      "module": "sap/grc/acs/aud/finding/execute/extended/block/view/ActionPlan.view.xml"
    },
    {
      "name": "block/view/ActionPlanRelated.view.xml",
      "module": "sap/grc/acs/aud/finding/execute/extended/block/view/ActionPlanRelated.view.xml"
    },
    {
      "name": "block/controller/ActionPlan.controller.js",
      "module": "sap/grc/acs/aud/finding/execute/extended/block/controller/ActionPlan.controller.js"
    },
    {
      "name": "block/controller/ActionPlanRelated.controller.js",
      "module": "sap/grc/acs/aud/finding/execute/extended/block/controller/ActionPlanRelated.controller.js"
    }, 
    {
    "name":"block/controller/Create.controller.js",
    "module":"sap/grc/acs/aud/finding/execute/extended/block/controller/Create.controller.js"
    },
    { "name": "util/encodingUtils.js",
      "module": "sap/grc/acs/aud/audit/track/extended/block/util/encodingUtils.js"
    },
     {
   "name": "util/FieldExtensibilityUtil.js",
   "module":"sap/grc/acs/aud/finding/execute/extended/util/FieldExtensibilityUtil.js",   
   "required": [
    "sap/ui/comp/smartfield/SmartField.js", 
    "sap/ui/comp/smartfield/SmartLabel.js",
    "sap/ui/comp/smartform/GroupElement.js",
    "sap/ui/richtexteditor/RichTextEditor.js"
   ],
   "condRequired": [
    "sap/grc/acs/lib/aud/utils/Constant.js"
   ]
  },
   {
      "name": "block/controller/GeneralCustom.controller.js",
      "module": "sap/grc/acs/aud/finding/execute/extended/block/controller/GeneralCustom.controller.js"
    }, 
    {
			"name": "localService/metadata.xml"
		},
		{
			"name": "manifest.json",
			"module": "sap/grc/acs/aud/finding/execute/extended/manifest.json"
		},
		{
			"name": "resources.json"
		},
		{
			"name": "version.json"
		}
	]
}