<!--

    Copyright (C) 2009-2020 SAP SE or an SAP affiliate company. All rights reserved.

-->
<core:FragmentDefinition xmlns:core="sap.ui.core" xmlns:mvc="sap.ui.core.mvc" xmlns="sap.m"
	id="sap.grc.acs.aud.action.display.extended.block.view.addLimitations" controllerName="sap.grc.acs.aud.action.display.extended.block.controller.Limitations"
	xmlns:smartTable="sap.ui.comp.smarttable" xmlns:html="http://www.w3.org/1999/xhtml">
	<smartTable:SmartTable id="addLimitationsSmartTable" smartFilterId="smartFilterBar" tableType="ResponsiveTable"
		useExportToExcel="false" useVariantManagement="false" useTablePersonalisation="true" showRowCount="true"
		persistencyKey="SmartTableAnalytical_addLimitations" enableAutoBinding="true" 		class="sapUiResponsiveContentPadding" demandPopin="true" 		
		initiallyVisibleFields="ID,Sequence,Title,TypeText,CategoryText,RankingText,StatusText,ActionCount,OrgID"
		requestAtLeastFields="DBKey,OrgKey,ID,Sequence,Title,TypeText,CategoryText,RankingText,Status,StatusText,ActionCount,OrgID,OrgName,ImportedOrg,OrgTimestamp"
		ignoreFromPersonalisation="DBKey,AuditGroup,AuditKey,OrgKey,OrgTimestamp,ImportedOrg,AuditTitle,Type,Status,Recommendation,Description,Criteria,CauseDescription,ConditionDescription,ConsequenceDescription,Category,Tags,CreatedBy,LastChangedBy">
				<smartTable:customToolbar id="customerToolBar">
			<Toolbar>
				<Title text="{i18n>labelAccessibility}" visible="false"></Title>
			</Toolbar>
		</smartTable:customToolbar>
		<Table id="addLimitations" mode="MultiSelect" ariaLabelledBy="findhiddenText1" updateFinished="onUpdateFinished" items="">
			<columns>
				<Column hAlign="Left">
					<customData>
						<core:CustomData key="p13nData" value='\{"columnKey": "ID","sortProperty": "ID", "filterProperty": "ID","columnIndex":"0"}'/>
					</customData>
					<Text text="{i18n>actioncolID}"/>
				</Column>
				<Column hAlign="Left">
					<customData>
						<core:CustomData key="p13nData" value='\{"columnKey": "Title","sortProperty": "Title", "filterProperty": "Title","columnIndex":"2"}'/>
					</customData>
					<Text text="{i18n>actioncolTitle}"/>
				</Column>
				<Column hAlign="Left">
					<customData>
						<core:CustomData key="p13nData"
							value='\{"columnKey": "TypeText","sortProperty": "TypeText", "filterProperty": "TypeText", "columnIndex":"3"}'/>
					</customData>
					<Text text="{i18n>actioncolType}"/>
				</Column>
				<Column hAlign="Left">
					<customData>
						<core:CustomData key="p13nData"
							value='\{"columnKey": "StatusText","sortProperty": "StatusText", "filterProperty": "StatusText","columnIndex":"6"}'/>
					</customData>
					<Text text="{i18n>actioncolStatus}"/>
				</Column>
			</columns>
			<items>
				<ColumnListItem>
					<cells>
						<ObjectIdentifier text="{ID}"/>
						<Text text="{Title}"/>
						<Text text="{ActionTypeText}"/>
						<Text text="{StatusText}"/>
					</cells>
				</ColumnListItem>
			</items>
		</Table>
	</smartTable:SmartTable>
</core:FragmentDefinition>

