<?xml version="1.0" encoding="UTF-8"?>
<!--

    Copyright (C) 2009-2020 SAP SE or an SAP affiliate company. All rights reserved.

-->
<edmx:Edmx Version="1.0" xmlns:edmx="http://schemas.microsoft.com/ado/2007/06/edmx" xmlns:m="http://schemas.microsoft.com/ado/2007/08/dataservices/metadata" xmlns:sap="http://www.sap.com/Protocols/SAPData">
	<edmx:Reference Uri=" " xmlns:edmx="http://docs.oasis-open.org/odata/ns/edmx">
		<edmx:Include Alias="Common" Namespace="com.sap.vocabularies.Common.v1"/>
	</edmx:Reference>
    <edmx:DataServices m:DataServiceVersion="1.0" xmlns:m="http://schemas.microsoft.com/ado/2007/08/dataservices/metadata">
        <Schema Namespace="com.sap.grc.dpp" xmlns="http://schemas.microsoft.com/ado/2008/09/edm">
            <EntityType Name="RopaSpecialCategory">
                <Key>
                    <PropertyRef Name="SpecialCategoryKey"/>
                </Key>
                <Property MaxLength="255" Name="Id" Nullable="true" Type="Edm.String"/>
                <Property MaxLength="255" Name="Ropa" Nullable="true" Type="Edm.String"/>
                <Property MaxLength="255" Name="SpecialCategoryKey" Nullable="false" Type="Edm.String"/>
                <NavigationProperty FromRole="RopaSpecialCategory" Name="RopaDetails" Relationship="com.sap.grc.dpp.RopaSpecialCategory_Ropa_Many_ZeroToOne0" ToRole="Ropa"/>
            </EntityType>
            <EntityType Name="RopaDataController">
                <Key>
                    <PropertyRef Name="DataControllerKey"/>
                </Key>
                <Property MaxLength="255" Name="DataControllerKey" Nullable="false" Type="Edm.String"/>
                <Property MaxLength="255" Name="Id" Nullable="true" Type="Edm.String"/>
                <Property MaxLength="255" Name="Ropa" Nullable="true" Type="Edm.String"/>
                <NavigationProperty FromRole="RopaDataController" Name="RopaDetails" Relationship="com.sap.grc.dpp.RopaDataController_Ropa_Many_ZeroToOne0" ToRole="Ropa"/>
            </EntityType>
            <EntityType Name="RopaAccessLocation">
                <Key>
                    <PropertyRef Name="AccessLocationKey"/>
                </Key>
                <Property MaxLength="255" Name="AccessLocationKey" Nullable="false" Type="Edm.String"/>
                <Property MaxLength="255" Name="Id" Nullable="true" Type="Edm.String"/>
                <Property MaxLength="255" Name="Ropa" Nullable="true" Type="Edm.String"/>
                <NavigationProperty FromRole="RopaAccessLocation" Name="RopaDetails" Relationship="com.sap.grc.dpp.RopaAccessLocation_Ropa_Many_ZeroToOne0" ToRole="Ropa"/>
            </EntityType>
            <EntityType Name="RopaFieldOption">
                <Key>
                    <PropertyRef Name="Uuid"/>
                </Key>
                <Property MaxLength="255" Name="StringValue" Nullable="true" Type="Edm.String"/>
                <Property MaxLength="255" Name="Uuid" Nullable="false" Type="Edm.String"/>
            </EntityType>
            <EntityType Name="RopaFieldOptionText">
                <Key>
                    <PropertyRef Name="Uuid"/>
                </Key>
                <Property MaxLength="255" Name="LanguageId" Nullable="true" Type="Edm.String"/>
                <Property MaxLength="255" Name="Name" Nullable="true" Type="Edm.String"/>
                <Property MaxLength="255" Name="Uuid" Nullable="false" Type="Edm.String"/>
            </EntityType>
            <EntityType Name="RopaPhysicalLocation">
                <Key>
                    <PropertyRef Name="PhysicalLocaltionKey"/>
                </Key>
                <Property MaxLength="255" Name="Id" Nullable="true" Type="Edm.String"/>
                <Property MaxLength="255" Name="PhysicalLocaltionKey" Nullable="false" Type="Edm.String"/>
                <Property MaxLength="255" Name="Ropa" Nullable="true" Type="Edm.String"/>
                <NavigationProperty FromRole="RopaPhysicalLocation" Name="RopaDetails" Relationship="com.sap.grc.dpp.RopaPhysicalLocation_Ropa_Many_ZeroToOne0" ToRole="Ropa"/>
            </EntityType>
            <EntityType Name="RopaDataProcessor">
                <Key>
                    <PropertyRef Name="DataProcessorKey"/>
                </Key>
                <Property MaxLength="255" Name="DataProcessorKey" Nullable="false" Type="Edm.String"/>
                <Property MaxLength="255" Name="Id" Nullable="true" Type="Edm.String"/>
                <Property MaxLength="255" Name="Ropa" Nullable="true" Type="Edm.String"/>
                <NavigationProperty FromRole="RopaDataProcessor" Name="RopaDetails" Relationship="com.sap.grc.dpp.RopaDataProcessor_Ropa_Many_ZeroToOne0" ToRole="Ropa"/>
            </EntityType>
            <EntityType Name="TemplateConfiguration">
                <Key>
                    <PropertyRef Name="ConfigKey"/>
                </Key>
                <Property MaxLength="255" Name="ApplicationName" Nullable="true" Type="Edm.String"/>
                <Property MaxLength="255" Name="BusinessObject" Nullable="true" Type="Edm.String"/>
                <Property MaxLength="255" Name="ConfigKey" Nullable="false" Type="Edm.String"/>
                <Property Name="CreatedAt" Nullable="true" Type="Edm.DateTime"/>
                <Property MaxLength="255" Name="TemplateId" Nullable="true" Type="Edm.String"/>
                <Property MaxLength="255" Name="TemplateKey" Nullable="true" Type="Edm.String"/>
            </EntityType>
            <EntityType Name="RoleAssignment">
                <Key>
                    <PropertyRef Name="Id"/>
                </Key>
                <Property Name="Id" Nullable="false" Type="Edm.Int64"/>
                <Property MaxLength="255" Name="ObjectId" Nullable="true" Type="Edm.String"/>
                <Property MaxLength="255" Name="RoleId" Nullable="true" Type="Edm.String"/>
                <Property MaxLength="255" Name="Type" Nullable="true" Type="Edm.String"/>
                <Property MaxLength="255" Name="Username" Nullable="true" Type="Edm.String"/>
            </EntityType>
            <EntityType Name="RopaDataSubject">
                <Key>
                    <PropertyRef Name="DataSubjectKey"/>
                </Key>
                <Property MaxLength="255" Name="DataSubjectKey" Nullable="false" Type="Edm.String"/>
                <Property MaxLength="255" Name="Id" Nullable="true" Type="Edm.String"/>
                <Property MaxLength="255" Name="Ropa" Nullable="true" Type="Edm.String"/>
                <NavigationProperty FromRole="RopaDataSubject" Name="RopaDetails" Relationship="com.sap.grc.dpp.RopaDataSubject_Ropa_Many_ZeroToOne0" ToRole="Ropa"/>
            </EntityType>
            <EntityType Name="RopaFieldDefinition">
                <Key>
                    <PropertyRef Name="Uuid"/>
                </Key>
                <Property Name="CreatedAt" Nullable="true" Type="Edm.DateTime"/>
                <Property MaxLength="255" Name="CreatedBy" Nullable="true" Type="Edm.String"/>
                <Property MaxLength="255" Name="Id" Nullable="true" Type="Edm.String"/>
                <Property Name="IsCustField" Nullable="true" Type="Edm.Boolean"/>
                <Property Name="IsHidden" Nullable="true" Type="Edm.Boolean"/>
                <Property Name="IsMandatory" Nullable="true" Type="Edm.Boolean"/>
                <Property Name="IsMultiInput" Nullable="true" Type="Edm.Boolean"/>
                <Property Name="IsValueSet" Nullable="true" Type="Edm.Boolean"/>
                <Property MaxLength="255" Name="Type" Nullable="true" Type="Edm.String"/>
                <Property Name="UpdatedAt" Nullable="true" Type="Edm.DateTime"/>
                <Property MaxLength="255" Name="UpdatedBy" Nullable="true" Type="Edm.String"/>
                <Property MaxLength="255" Name="Uuid" Nullable="false" Type="Edm.String"/>
            </EntityType>
            <EntityType Name="FormTemplate">
                <Key>
                    <PropertyRef Name="Uuid"/>
                </Key>
                <Property MaxLength="255" Name="ShortText" Nullable="true" Type="Edm.String"/>
                <Property MaxLength="255" Name="TemplateKey" Nullable="true" Type="Edm.String"/>
                <Property Name="TimeStamp" Nullable="true" Type="Edm.DateTime"/>
                <Property MaxLength="255" Name="UserId" Nullable="true" Type="Edm.String"/>
                <Property MaxLength="255" Name="Uuid" Nullable="false" Type="Edm.String"/>
            </EntityType>
            <EntityType Name="RopaDataRecipient">
                <Key>
                    <PropertyRef Name="DataRecipientKey"/>
                </Key>
                <Property MaxLength="255" Name="DataRecipientKey" Nullable="false" Type="Edm.String"/>
                <Property MaxLength="255" Name="Id" Nullable="true" Type="Edm.String"/>
                <Property MaxLength="255" Name="Ropa" Nullable="true" Type="Edm.String"/>
                <NavigationProperty FromRole="RopaDataRecipient" Name="RopaDetails" Relationship="com.sap.grc.dpp.RopaDataRecipient_Ropa_Many_ZeroToOne0" ToRole="Ropa"/>
            </EntityType>
            <EntityType Name="RopaCustomField">
                <Key>
                    <PropertyRef Name="CustomFieldKey"/>
                </Key>
                <Property Name="BooleanValue" Nullable="true" Type="Edm.Boolean"/>
                <Property MaxLength="255" Name="CustomFieldKey" Nullable="false" Type="Edm.String"/>
                <Property Name="DateValue" Nullable="true" Type="Edm.DateTime"/>
                <Property Name="DoubleValue" Nullable="true" Type="Edm.Double"/>
                <Property MaxLength="255" Name="FieldDefinitionKey" Nullable="true" Type="Edm.String"/>
                <Property Name="LongValue" Nullable="true" Type="Edm.Int64"/>
                <Property MaxLength="255" Name="Ropa" Nullable="true" Type="Edm.String"/>
                <Property MaxLength="255" Name="StringValue" Nullable="true" Type="Edm.String"/>
                <Property MaxLength="255" Name="TextValue" Nullable="true" Type="Edm.String"/>
                <NavigationProperty FromRole="RopaCustomField" Name="RopaDetails" Relationship="com.sap.grc.dpp.RopaCustomField_Ropa_Many_ZeroToOne0" ToRole="Ropa"/>
            </EntityType>
            <EntityType Name="RopaDataCategory">
                <Key>
                    <PropertyRef Name="DataCategoryKey"/>
                </Key>
                <Property MaxLength="255" Name="DataCategoryKey" Nullable="false" Type="Edm.String"/>
                <Property MaxLength="255" Name="Id" Nullable="true" Type="Edm.String"/>
                <Property MaxLength="255" Name="Ropa" Nullable="true" Type="Edm.String"/>
                <NavigationProperty FromRole="RopaDataCategory" Name="RopaDetails" Relationship="com.sap.grc.dpp.RopaDataCategory_Ropa_Many_ZeroToOne0" ToRole="Ropa"/>
            </EntityType>
            <EntityType Name="RopaFieldText">
                <Key>
                    <PropertyRef Name="Uuid"/>
                </Key>
                <Property MaxLength="255" Name="Description" Nullable="true" Type="Edm.String"/>
                <Property MaxLength="255" Name="LanguageId" Nullable="true" Type="Edm.String"/>
                <Property MaxLength="255" Name="ShortDescription" Nullable="true" Type="Edm.String"/>
                <Property MaxLength="255" Name="Uuid" Nullable="false" Type="Edm.String"/>
            </EntityType>
            <EntityType Name="Ropa">
                <Key>
                    <PropertyRef Name="RopaKey"/>
                </Key>
                <Property MaxLength="255" Name="Comments" Nullable="true" Type="Edm.String"/>
                <Property Name="CreatedAt" Nullable="true" Type="Edm.DateTime" sap:display-format="Date" sap:label="Created At" xmlns:sap="http://www.sap.com/Protocols/SAPData"/>
                <Property MaxLength="255" Name="CreatedBy" Nullable="true" Type="Edm.String" sap:heading="Created By" sap:label="Created By" xmlns:sap="http://www.sap.com/Protocols/SAPData"/>
                <Property MaxLength="255" Name="DeletionConcept" Nullable="true" Type="Edm.String"/>
                <Property MaxLength="255" Name="Description" Nullable="true" Type="Edm.String" sap:label="Description" xmlns:sap="http://www.sap.com/Protocols/SAPData"/>
                <Property MaxLength="255" Name="DpiaPerformed" Nullable="true" Type="Edm.String"/>
                <Property Name="DsrAccess" Nullable="true" Type="Edm.Boolean"/>
                <Property Name="DsrBlocking" Nullable="true" Type="Edm.Boolean"/>
                <Property Name="DsrCorrection" Nullable="true" Type="Edm.Boolean"/>
                <Property Name="DsrDeletion" Nullable="true" Type="Edm.Boolean"/>
                <Property Name="DsrTransmission" Nullable="true" Type="Edm.Boolean"/>
                <Property MaxLength="255" Name="Name" Nullable="true" Type="Edm.String" sap:label="Name" xmlns:sap="http://www.sap.com/Protocols/SAPData"/>
                <Property MaxLength="255" Name="ProcessingPurpose" Nullable="true" Type="Edm.String"/>
                <Property Name="RopaId" Nullable="true" Type="Edm.Int64"/>
                <Property MaxLength="255" Name="RopaKey" Nullable="false" Type="Edm.String"/>
                <Property MaxLength="255" Name="Source" Nullable="true" Type="Edm.String"/>
                <Property MaxLength="255" Name="SourceType" Nullable="true" Type="Edm.String"/>
                <Property MaxLength="255" Name="SourceUrl" Nullable="true" Type="Edm.String"/>
                <Property MaxLength="255" Name="SourceUrlChange" Nullable="true" Type="Edm.String"/>
                <Property MaxLength="255" Name="SourceUrlDisplay" Nullable="true" Type="Edm.String"/>
                <Property MaxLength="255" Name="Status" Nullable="true" Type="Edm.String" sap:label="Status" xmlns:sap="http://www.sap.com/Protocols/SAPData"/>
                <Property MaxLength="255" Name="Toms" Nullable="true" Type="Edm.String"/>
                <Property Name="UpdatedAt" Nullable="true" Type="Edm.DateTime" sap:label="Updated At" xmlns:sap="http://www.sap.com/Protocols/SAPData"/>
                <Property MaxLength="255" Name="UpdatedBy" Nullable="true" Type="Edm.String" sap:label="Updated By" xmlns:sap="http://www.sap.com/Protocols/SAPData"/>
                <Property Name="DataSubject" Type="Edm.String" sap:label="Data Subject" xmlns:sap="http://www.sap.com/Protocols/SAPData"/>
                <Property Name="AccessLocation" Type="Edm.String" sap:label="Access Location" xmlns:sap="http://www.sap.com/Protocols/SAPData"/>
                <Property Name="DataCategory" Type="Edm.String" sap:label="Data Category" xmlns:sap="http://www.sap.com/Protocols/SAPData"/>
                <Property Name="DataController" Type="Edm.String" sap:label="Data Controller" xmlns:sap="http://www.sap.com/Protocols/SAPData"/>
                <Property Name="DataProcessor" Type="Edm.String" sap:label="Data Processor" xmlns:sap="http://www.sap.com/Protocols/SAPData"/>
                <Property Name="DataRecipient" Type="Edm.String" sap:label="Data Recipient" xmlns:sap="http://www.sap.com/Protocols/SAPData"/>
                <Property Name="LegalBasis" Type="Edm.String" sap:label="Legal Basis" xmlns:sap="http://www.sap.com/Protocols/SAPData"/>
                <Property Name="PhysicalLocation" Type="Edm.String" sap:label="Physical Location" xmlns:sap="http://www.sap.com/Protocols/SAPData"/>
                <Property Name="SpecialCategory" Type="Edm.String" sap:label="Special Category" xmlns:sap="http://www.sap.com/Protocols/SAPData"/>
                <Property Name="CDF_DOUBLE" Nullable="false" Type="Edm.Double" sap:filterable="true" sap:label="CDF Double Field" xmlns:sap="http://www.sap.com/Protocols/SAPData"/>
                <Property Name="CDF_DOUBLE_M" Nullable="false" Type="Edm.String" sap:filterable="true" sap:label="CDF Field Double Multi-Value" xmlns:sap="http://www.sap.com/Protocols/SAPData"/>
                <Property Name="CDF_S_M_VText" Type="Edm.String" sap:visible="false" xmlns:sap="http://www.sap.com/Protocols/SAPData"/>
                <Property Name="CDF_S_M_V" Nullable="false" Type="Edm.String" sap:filterable="true" sap:label="CDF Str Multi ValueSet" sap:value-list="standard" xmlns:sap="http://www.sap.com/Protocols/SAPData"/>
                <Property Name="CDF_S_VText" Type="Edm.String" sap:visible="false" xmlns:sap="http://www.sap.com/Protocols/SAPData"/>
                <Property Name="CDF_S_V" Nullable="false" Type="Edm.String" sap:filterable="true" sap:text="CDF_S_VText" sap:value-list="standard" xmlns:sap="http://www.sap.com/Protocols/SAPData"/>
                <Property Name="CDF_S_M" Nullable="false" Type="Edm.String" sap:filterable="true" xmlns:sap="http://www.sap.com/Protocols/SAPData"/>
                <Property Name="CDF_S" Nullable="false" Type="Edm.String" sap:filterable="true" xmlns:sap="http://www.sap.com/Protocols/SAPData"/>
                <Property Name="CDF_DATE_M" Nullable="false" Type="Edm.String" sap:filterable="true" xmlns:sap="http://www.sap.com/Protocols/SAPData"/>
                <Property Name="CDF_DATE" Nullable="false" Type="Edm.DateTime" sap:filterable="true" xmlns:sap="http://www.sap.com/Protocols/SAPData"/>
                <Property Name="CDF_B" Type="Edm.Boolean" sap:filterable="true" xmlns:sap="http://www.sap.com/Protocols/SAPData"/>
                <Property Name="CDF_B_M" Type="Edm.String" sap:filterable="true" xmlns:sap="http://www.sap.com/Protocols/SAPData"/>
                <Property Name="CDF_ERR_DOUBLE_VText" Type="Edm.String" sap:visible="false" xmlns:sap="http://www.sap.com/Protocols/SAPData"/>
                <Property Name="CDF_ERR_DOUBLE_V" Type="Edm.Double" sap:filterable="true" sap:text="CDF_ERR_DOUBLE_VText" sap:value-list="standard" xmlns:sap="http://www.sap.com/Protocols/SAPData"/>
                <NavigationProperty FromRole="Ropa" Name="RopaCDF_DOUBLE_MList" Relationship="com.sap.grc.dpp.Ropa_CDF_DOUBLE_MValueList_One_Many0" ToRole="CDF_DOUBLE_MValueList"/>
                <NavigationProperty FromRole="Ropa" Name="RopaCDF_S_M_VList" Relationship="com.sap.grc.dpp.Ropa_CDF_S_M_VValueList_One_Many0" ToRole="CDF_S_M_VValueList"/>
                <NavigationProperty FromRole="Ropa" Name="RopaCDF_S_MList" Relationship="com.sap.grc.dpp.Ropa_CDF_S_MValueList_One_Many0" ToRole="CDF_S_MValueList"/>
                <NavigationProperty FromRole="Ropa" Name="RopaCDF_DATE_MList" Relationship="com.sap.grc.dpp.Ropa_CDF_DATE_MValueList_One_Many0" ToRole="CDF_DATE_MValueList"/>
                <NavigationProperty FromRole="Ropa" Name="RopaCDF_B_MList" Relationship="com.sap.grc.dpp.Ropa_CDF_B_MValueList_One_Many0" ToRole="CDF_B_MValueList"/>
            </EntityType>
            <EntityType Name="RopaLegalBasis">
                <Key>
                    <PropertyRef Name="LegalBasisKey"/>
                </Key>
                <Property MaxLength="255" Name="Id" Nullable="true" Type="Edm.String"/>
                <Property MaxLength="255" Name="LegalBasisKey" Nullable="false" Type="Edm.String"/>
                <Property MaxLength="255" Name="Ropa" Nullable="true" Type="Edm.String"/>
                <NavigationProperty FromRole="RopaLegalBasis" Name="RopaDetails" Relationship="com.sap.grc.dpp.RopaLegalBasis_Ropa_Many_ZeroToOne0" ToRole="Ropa"/>
            </EntityType>
            <EntityType Name="CDF_DOUBLE_MValueList">
                <Key>
                    <PropertyRef Name="Id"/>
                    <PropertyRef Name="FieldKey"/>
                </Key>
                <Property Name="Id" Type="Edm.String"/>
                <Property Name="FieldKey" Type="Edm.String"/>
                <Property Name="Value" Type="Edm.Double" sap:filterable="false" sap:label="CDF Field Double Multi-Value" xmlns:sap="http://www.sap.com/Protocols/SAPData"/>
            </EntityType>
            <EntityType Name="CDF_S_M_VValueList">
                <Key>
                    <PropertyRef Name="Id"/>
                    <PropertyRef Name="FieldKey"/>
                </Key>
                <Property Name="Id" Type="Edm.String"/>
                <Property Name="FieldKey" Type="Edm.String"/>
                <Property Name="Value" Type="Edm.String" sap:filterable="false" sap:label="CDF Str Multi ValueSet" xmlns:sap="http://www.sap.com/Protocols/SAPData"/>
            </EntityType>
            <EntityType Name="CDF_S_M_VValueHelp">
                <Key>
                    <PropertyRef Name="Value"/>
                </Key>
                <Property Name="Value" Nullable="false" Type="Edm.String" sap:filterable="true" sap:label="CDF Str Multi ValueSet" sap:text="Description" xmlns:sap="http://www.sap.com/Protocols/SAPData"/>
                <Property Name="Description" Type="Edm.String" sap:label="Description" xmlns:sap="http://www.sap.com/Protocols/SAPData"/>
            </EntityType>
            <EntityType Name="CDF_S_VValueHelp">
                <Key>
                    <PropertyRef Name="Value"/>
                </Key>
                <Property Name="Value" Nullable="false" Type="Edm.String" sap:filterable="true" sap:text="Description" xmlns:sap="http://www.sap.com/Protocols/SAPData"/>
                <Property Name="Description" Type="Edm.String" sap:label="Description" xmlns:sap="http://www.sap.com/Protocols/SAPData"/>
            </EntityType>
            <EntityType Name="CDF_S_MValueList">
                <Key>
                    <PropertyRef Name="Id"/>
                    <PropertyRef Name="FieldKey"/>
                </Key>
                <Property Name="Id" Type="Edm.String"/>
                <Property Name="FieldKey" Type="Edm.String"/>
                <Property Name="Value" Type="Edm.String" sap:filterable="false" xmlns:sap="http://www.sap.com/Protocols/SAPData"/>
            </EntityType>
            <EntityType Name="CDF_DATE_MValueList">
                <Key>
                    <PropertyRef Name="Id"/>
                    <PropertyRef Name="FieldKey"/>
                </Key>
                <Property Name="Id" Type="Edm.String"/>
                <Property Name="FieldKey" Type="Edm.String"/>
                <Property Name="Value" Type="Edm.DateTime" sap:filterable="false" xmlns:sap="http://www.sap.com/Protocols/SAPData"/>
            </EntityType>
            <EntityType Name="CDF_B_MValueList">
                <Key>
                    <PropertyRef Name="Id"/>
                    <PropertyRef Name="FieldKey"/>
                </Key>
                <Property Name="Id" Type="Edm.String"/>
                <Property Name="FieldKey" Type="Edm.String"/>
                <Property Name="Value" Type="Edm.Boolean" sap:filterable="false" xmlns:sap="http://www.sap.com/Protocols/SAPData"/>
            </EntityType>
            <EntityType Name="CDF_ERR_DOUBLE_VValueHelp">
                <Key>
                    <PropertyRef Name="Value"/>
                </Key>
                <Property Name="Value" Nullable="false" Type="Edm.Double" sap:filterable="true" sap:text="Description" xmlns:sap="http://www.sap.com/Protocols/SAPData"/>
                <Property Name="Description" Type="Edm.String" sap:label="Description" xmlns:sap="http://www.sap.com/Protocols/SAPData"/>
            </EntityType>
            <Association Name="RopaSpecialCategory_Ropa_Many_ZeroToOne0">
                <End Multiplicity="*" Role="RopaSpecialCategory" Type="com.sap.grc.dpp.RopaSpecialCategory"/>
                <End Multiplicity="0..1" Role="Ropa" Type="com.sap.grc.dpp.Ropa"/>
                <ReferentialConstraint>
                    <Principal Role="Ropa">
                        <PropertyRef Name="RopaKey"/>
                    </Principal>
                    <Dependent Role="RopaSpecialCategory">
                        <PropertyRef Name="Ropa"/>
                    </Dependent>
                </ReferentialConstraint>
            </Association>
            <Association Name="RopaDataController_Ropa_Many_ZeroToOne0">
                <End Multiplicity="*" Role="RopaDataController" Type="com.sap.grc.dpp.RopaDataController"/>
                <End Multiplicity="0..1" Role="Ropa" Type="com.sap.grc.dpp.Ropa"/>
                <ReferentialConstraint>
                    <Principal Role="Ropa">
                        <PropertyRef Name="RopaKey"/>
                    </Principal>
                    <Dependent Role="RopaDataController">
                        <PropertyRef Name="Ropa"/>
                    </Dependent>
                </ReferentialConstraint>
            </Association>
            <Association Name="RopaAccessLocation_Ropa_Many_ZeroToOne0">
                <End Multiplicity="*" Role="RopaAccessLocation" Type="com.sap.grc.dpp.RopaAccessLocation"/>
                <End Multiplicity="0..1" Role="Ropa" Type="com.sap.grc.dpp.Ropa"/>
                <ReferentialConstraint>
                    <Principal Role="Ropa">
                        <PropertyRef Name="RopaKey"/>
                    </Principal>
                    <Dependent Role="RopaAccessLocation">
                        <PropertyRef Name="Ropa"/> 
                    </Dependent>
                </ReferentialConstraint>
            </Association>
            <Association Name="RopaPhysicalLocation_Ropa_Many_ZeroToOne0">
                <End Multiplicity="*" Role="RopaPhysicalLocation" Type="com.sap.grc.dpp.RopaPhysicalLocation"/>
                <End Multiplicity="0..1" Role="Ropa" Type="com.sap.grc.dpp.Ropa"/>
                <ReferentialConstraint>
                    <Principal Role="Ropa">
                        <PropertyRef Name="RopaKey"/>
                    </Principal>
                    <Dependent Role="RopaPhysicalLocation">
                        <PropertyRef Name="Ropa"/>
                    </Dependent>
                </ReferentialConstraint>
            </Association>
            <Association Name="RopaDataProcessor_Ropa_Many_ZeroToOne0">
                <End Multiplicity="*" Role="RopaDataProcessor" Type="com.sap.grc.dpp.RopaDataProcessor"/>
                <End Multiplicity="0..1" Role="Ropa" Type="com.sap.grc.dpp.Ropa"/>
                <ReferentialConstraint>
                    <Principal Role="Ropa">
                        <PropertyRef Name="RopaKey"/>
                    </Principal>
                    <Dependent Role="RopaDataProcessor">
                        <PropertyRef Name="Ropa"/>
                    </Dependent>
                </ReferentialConstraint>
            </Association>
            <Association Name="RopaDataSubject_Ropa_Many_ZeroToOne0">
                <End Multiplicity="*" Role="RopaDataSubject" Type="com.sap.grc.dpp.RopaDataSubject"/>
                <End Multiplicity="0..1" Role="Ropa" Type="com.sap.grc.dpp.Ropa"/>
                <ReferentialConstraint>
                    <Principal Role="Ropa">
                        <PropertyRef Name="RopaKey"/>
                    </Principal>
                    <Dependent Role="RopaDataSubject">
                        <PropertyRef Name="Ropa"/>
                    </Dependent>
                </ReferentialConstraint>
            </Association>
            <Association Name="RopaDataRecipient_Ropa_Many_ZeroToOne0">
                <End Multiplicity="*" Role="RopaDataRecipient" Type="com.sap.grc.dpp.RopaDataRecipient"/>
                <End Multiplicity="0..1" Role="Ropa" Type="com.sap.grc.dpp.Ropa"/>
                <ReferentialConstraint>
                    <Principal Role="Ropa">
                        <PropertyRef Name="RopaKey"/>
                    </Principal>
                    <Dependent Role="RopaDataRecipient">
                        <PropertyRef Name="Ropa"/>
                    </Dependent>
                </ReferentialConstraint>
            </Association>
            <Association Name="RopaCustomField_Ropa_Many_ZeroToOne0">
                <End Multiplicity="*" Role="RopaCustomField" Type="com.sap.grc.dpp.RopaCustomField"/>
                <End Multiplicity="0..1" Role="Ropa" Type="com.sap.grc.dpp.Ropa"/>
                <ReferentialConstraint>
                    <Principal Role="Ropa">
                        <PropertyRef Name="RopaKey"/>
                    </Principal>
                    <Dependent Role="RopaCustomField">
                        <PropertyRef Name="Ropa"/>
                    </Dependent>
                </ReferentialConstraint>
            </Association>
            <Association Name="RopaDataCategory_Ropa_Many_ZeroToOne0">
                <End Multiplicity="*" Role="RopaDataCategory" Type="com.sap.grc.dpp.RopaDataCategory"/>
                <End Multiplicity="0..1" Role="Ropa" Type="com.sap.grc.dpp.Ropa"/>
                <ReferentialConstraint>
                    <Principal Role="Ropa">
                        <PropertyRef Name="RopaKey"/>
                    </Principal>
                    <Dependent Role="RopaDataCategory">
                        <PropertyRef Name="Ropa"/>
                    </Dependent>
                </ReferentialConstraint>
            </Association>
            <Association Name="RopaLegalBasis_Ropa_Many_ZeroToOne0">
                <End Multiplicity="*" Role="RopaLegalBasis" Type="com.sap.grc.dpp.RopaLegalBasis"/>
                <End Multiplicity="0..1" Role="Ropa" Type="com.sap.grc.dpp.Ropa"/>
                <ReferentialConstraint>
                    <Principal Role="Ropa">
                        <PropertyRef Name="RopaKey"/>
                    </Principal>
                    <Dependent Role="RopaLegalBasis">
                        <PropertyRef Name="Ropa"/>
                    </Dependent>
                </ReferentialConstraint>
            </Association>
            <Association Name="Ropa_CDF_DOUBLE_MValueList_One_Many0">
                <End Multiplicity="1" Role="Ropa" Type="com.sap.grc.dpp.Ropa"/>
                <End Multiplicity="*" Role="CDF_DOUBLE_MValueList" Type="com.sap.grc.dpp.CDF_DOUBLE_MValueList"/>
            </Association>
            <Association Name="Ropa_CDF_S_M_VValueList_One_Many0">
                <End Multiplicity="1" Role="Ropa" Type="com.sap.grc.dpp.Ropa"/>
                <End Multiplicity="*" Role="CDF_S_M_VValueList" Type="com.sap.grc.dpp.CDF_S_M_VValueList"/>
            </Association>
            <Association Name="Ropa_CDF_S_MValueList_One_Many0">
                <End Multiplicity="1" Role="Ropa" Type="com.sap.grc.dpp.Ropa"/>
                <End Multiplicity="*" Role="CDF_S_MValueList" Type="com.sap.grc.dpp.CDF_S_MValueList"/>
            </Association>
            <Association Name="Ropa_CDF_DATE_MValueList_One_Many0">
                <End Multiplicity="1" Role="Ropa" Type="com.sap.grc.dpp.Ropa"/>
                <End Multiplicity="*" Role="CDF_DATE_MValueList" Type="com.sap.grc.dpp.CDF_DATE_MValueList"/>
            </Association>
            <Association Name="Ropa_CDF_B_MValueList_One_Many0">
                <End Multiplicity="1" Role="Ropa" Type="com.sap.grc.dpp.Ropa"/>
                <End Multiplicity="*" Role="CDF_B_MValueList" Type="com.sap.grc.dpp.CDF_B_MValueList"/>
            </Association>
            <EntityContainer Name="com.sap.grc.dppContainer" m:IsDefaultEntityContainer="true">
                <EntitySet EntityType="com.sap.grc.dpp.RopaSpecialCategory" Name="RopaSpecialCategorys"/>
                <EntitySet EntityType="com.sap.grc.dpp.RopaDataController" Name="RopaDataControllers"/>
                <EntitySet EntityType="com.sap.grc.dpp.RopaAccessLocation" Name="RopaAccessLocations"/>
                <EntitySet EntityType="com.sap.grc.dpp.RopaFieldOption" Name="RopaFieldOptions"/>
                <EntitySet EntityType="com.sap.grc.dpp.RopaFieldOptionText" Name="RopaFieldOptionTexts"/>
                <EntitySet EntityType="com.sap.grc.dpp.RopaPhysicalLocation" Name="RopaPhysicalLocations"/>
                <EntitySet EntityType="com.sap.grc.dpp.RopaDataProcessor" Name="RopaDataProcessors"/>
                <EntitySet EntityType="com.sap.grc.dpp.TemplateConfiguration" Name="TemplateConfigurations"/>
                <EntitySet EntityType="com.sap.grc.dpp.RoleAssignment" Name="RoleAssignments"/>
                <EntitySet EntityType="com.sap.grc.dpp.RopaDataSubject" Name="RopaDataSubjects"/>
                <EntitySet EntityType="com.sap.grc.dpp.RopaFieldDefinition" Name="RopaFieldDefinitions"/>
                <EntitySet EntityType="com.sap.grc.dpp.FormTemplate" Name="FormTemplates"/>
                <EntitySet EntityType="com.sap.grc.dpp.RopaDataRecipient" Name="RopaDataRecipients"/>
                <EntitySet EntityType="com.sap.grc.dpp.RopaCustomField" Name="RopaCustomFields"/>
                <EntitySet EntityType="com.sap.grc.dpp.RopaDataCategory" Name="RopaDataCategorys"/>
                <EntitySet EntityType="com.sap.grc.dpp.RopaFieldText" Name="RopaFieldTexts"/>
                <EntitySet EntityType="com.sap.grc.dpp.Ropa" Name="Ropas"/>
                <EntitySet EntityType="com.sap.grc.dpp.RopaLegalBasis" Name="RopaLegalBasiss"/>
                <EntitySet EntityType="com.sap.grc.dpp.CDF_DOUBLE_MValueList" Name="CDF_DOUBLE_MValueListSet"/>
                <EntitySet EntityType="com.sap.grc.dpp.CDF_S_M_VValueList" Name="CDF_S_M_VValueListSet"/>
                <EntitySet EntityType="com.sap.grc.dpp.CDF_S_M_VValueHelp" Name="CDF_S_M_VValueHelpSet"/>
                <EntitySet EntityType="com.sap.grc.dpp.CDF_S_VValueHelp" Name="CDF_S_VValueHelpSet"/>
                <EntitySet EntityType="com.sap.grc.dpp.CDF_S_MValueList" Name="CDF_S_MValueListSet"/>
                <EntitySet EntityType="com.sap.grc.dpp.CDF_DATE_MValueList" Name="CDF_DATE_MValueListSet"/>
                <EntitySet EntityType="com.sap.grc.dpp.CDF_B_MValueList" Name="CDF_B_MValueListSet"/>
                <EntitySet EntityType="com.sap.grc.dpp.CDF_ERR_DOUBLE_VValueHelp" Name="CDF_ERR_DOUBLE_VValueHelpSet"/>
                <AssociationSet Association="com.sap.grc.dpp.RopaSpecialCategory_Ropa_Many_ZeroToOne0" Name="RopaSpecialCategory_Ropa_Many_ZeroToOne0Set">
                    <End EntitySet="RopaSpecialCategorys" Role="RopaSpecialCategory"/>
                    <End EntitySet="Ropas" Role="Ropa"/>
                </AssociationSet>
                <AssociationSet Association="com.sap.grc.dpp.RopaDataController_Ropa_Many_ZeroToOne0" Name="RopaDataController_Ropa_Many_ZeroToOne0Set">
                    <End EntitySet="RopaDataControllers" Role="RopaDataController"/>
                    <End EntitySet="Ropas" Role="Ropa"/>
                </AssociationSet>
                <AssociationSet Association="com.sap.grc.dpp.RopaAccessLocation_Ropa_Many_ZeroToOne0" Name="RopaAccessLocation_Ropa_Many_ZeroToOne0Set">
                    <End EntitySet="RopaAccessLocations" Role="RopaAccessLocation"/>
                    <End EntitySet="Ropas" Role="Ropa"/>
                </AssociationSet>
                <AssociationSet Association="com.sap.grc.dpp.RopaPhysicalLocation_Ropa_Many_ZeroToOne0" Name="RopaPhysicalLocation_Ropa_Many_ZeroToOne0Set">
                    <End EntitySet="RopaPhysicalLocations" Role="RopaPhysicalLocation"/>
                    <End EntitySet="Ropas" Role="Ropa"/>
                </AssociationSet>
                <AssociationSet Association="com.sap.grc.dpp.RopaDataProcessor_Ropa_Many_ZeroToOne0" Name="RopaDataProcessor_Ropa_Many_ZeroToOne0Set">
                    <End EntitySet="RopaDataProcessors" Role="RopaDataProcessor"/>
                    <End EntitySet="Ropas" Role="Ropa"/>
                </AssociationSet>
                <AssociationSet Association="com.sap.grc.dpp.RopaDataSubject_Ropa_Many_ZeroToOne0" Name="RopaDataSubject_Ropa_Many_ZeroToOne0Set">
                    <End EntitySet="RopaDataSubjects" Role="RopaDataSubject"/>
                    <End EntitySet="Ropas" Role="Ropa"/>
                </AssociationSet>
                <AssociationSet Association="com.sap.grc.dpp.RopaDataRecipient_Ropa_Many_ZeroToOne0" Name="RopaDataRecipient_Ropa_Many_ZeroToOne0Set">
                    <End EntitySet="RopaDataRecipients" Role="RopaDataRecipient"/>
                    <End EntitySet="Ropas" Role="Ropa"/>
                </AssociationSet>
                <AssociationSet Association="com.sap.grc.dpp.RopaCustomField_Ropa_Many_ZeroToOne0" Name="RopaCustomField_Ropa_Many_ZeroToOne0Set">
                    <End EntitySet="RopaCustomFields" Role="RopaCustomField"/>
                    <End EntitySet="Ropas" Role="Ropa"/>
                </AssociationSet>
                <AssociationSet Association="com.sap.grc.dpp.RopaDataCategory_Ropa_Many_ZeroToOne0" Name="RopaDataCategory_Ropa_Many_ZeroToOne0Set">
                    <End EntitySet="RopaDataCategorys" Role="RopaDataCategory"/>
                    <End EntitySet="Ropas" Role="Ropa"/>
                </AssociationSet>
                <AssociationSet Association="com.sap.grc.dpp.RopaLegalBasis_Ropa_Many_ZeroToOne0" Name="RopaLegalBasis_Ropa_Many_ZeroToOne0Set">
                    <End EntitySet="RopaLegalBasiss" Role="RopaLegalBasis"/>
                    <End EntitySet="Ropas" Role="Ropa"/>
                </AssociationSet>
                <AssociationSet Association="com.sap.grc.dpp.Ropa_CDF_DOUBLE_MValueList_One_Many0" Name="Ropa_CDF_DOUBLE_MValueList_One_Many0Set">
                    <End EntitySet="Ropas" Role="Ropa"/>
                    <End EntitySet="CDF_DOUBLE_MValueListSet" Role="CDF_DOUBLE_MValueList"/>
                </AssociationSet>
                <AssociationSet Association="com.sap.grc.dpp.Ropa_CDF_S_M_VValueList_One_Many0" Name="Ropa_CDF_S_M_VValueList_One_Many0Set">
                    <End EntitySet="Ropas" Role="Ropa"/>
                    <End EntitySet="CDF_S_M_VValueListSet" Role="CDF_S_M_VValueList"/>
                </AssociationSet>
                <AssociationSet Association="com.sap.grc.dpp.Ropa_CDF_S_MValueList_One_Many0" Name="Ropa_CDF_S_MValueList_One_Many0Set">
                    <End EntitySet="Ropas" Role="Ropa"/>
                    <End EntitySet="CDF_S_MValueListSet" Role="CDF_S_MValueList"/>
                </AssociationSet>
                <AssociationSet Association="com.sap.grc.dpp.Ropa_CDF_DATE_MValueList_One_Many0" Name="Ropa_CDF_DATE_MValueList_One_Many0Set">
                    <End EntitySet="Ropas" Role="Ropa"/>
                    <End EntitySet="CDF_DATE_MValueListSet" Role="CDF_DATE_MValueList"/>
                </AssociationSet>
                <AssociationSet Association="com.sap.grc.dpp.Ropa_CDF_B_MValueList_One_Many0" Name="Ropa_CDF_B_MValueList_One_Many0Set">
                    <End EntitySet="Ropas" Role="Ropa"/>
                    <End EntitySet="CDF_B_MValueListSet" Role="CDF_B_MValueList"/>
                </AssociationSet>
            </EntityContainer>
            <Annotations Target="com.sap.grc.dpp.Ropa/CDF_S_M_V" xmlns="http://docs.oasis-open.org/odata/ns/edm">
                <Annotation Term="com.sap.vocabularies.Common.v1.ValueList">
                    <Record>
                        <PropertyValue Property="Label" String="CDF Str Multi ValueSet"/>
                        <PropertyValue Property="CollectionPath" String="CDF_S_M_VValueHelpSet"/>
                        <PropertyValue Bool="false" Property="SearchSupported"/>
                        <PropertyValue Property="Parameters">
                            <Collection>
                                <Record Type="com.sap.vocabularies.Common.v1.ValueListParameterInOut">
                                    <PropertyValue Property="LocalDataProperty" PropertyPath="CDF_S_M_V"/>
                                    <PropertyValue Property="ValueListProperty" String="Value"/>
                                </Record>
                                <Record Type="com.sap.vocabularies.Common.v1.ValueListParameterDisplayOnly">
                                    <PropertyValue Property="ValueListProperty" String="Description"/>
                                </Record>
                            </Collection>
                        </PropertyValue>
                    </Record>
                </Annotation>
            </Annotations>
            <Annotations Target="com.sap.grc.dpp.Ropa/CDF_S_V" xmlns="http://docs.oasis-open.org/odata/ns/edm">
                <Annotation Term="com.sap.vocabularies.Common.v1.ValueList">
                    <Record>
                        <PropertyValue Property="Label" String="CDF_S_V"/>
                        <PropertyValue Property="CollectionPath" String="CDF_S_VValueHelpSet"/>
                        <PropertyValue Bool="false" Property="SearchSupported"/>
                        <PropertyValue Property="Parameters">
                            <Collection>
                                <Record Type="com.sap.vocabularies.Common.v1.ValueListParameterInOut">
                                    <PropertyValue Property="LocalDataProperty" PropertyPath="CDF_S_V"/>
                                    <PropertyValue Property="ValueListProperty" String="Value"/>
                                </Record>
                                <Record Type="com.sap.vocabularies.Common.v1.ValueListParameterDisplayOnly">
                                    <PropertyValue Property="ValueListProperty" String="Description"/>
                                </Record>
                            </Collection>
                        </PropertyValue>
                    </Record>
                </Annotation>
            </Annotations>
            <Annotations Target="com.sap.grc.dpp.Ropa/CDF_ERR_DOUBLE_V" xmlns="http://docs.oasis-open.org/odata/ns/edm">
                <Annotation Term="com.sap.vocabularies.Common.v1.ValueList">
                    <Record>
                        <PropertyValue Property="Label" String="CDF_ERR_DOUBLE_V"/>
                        <PropertyValue Property="CollectionPath" String="CDF_ERR_DOUBLE_VValueHelpSet"/>
                        <PropertyValue Bool="false" Property="SearchSupported"/>
                        <PropertyValue Property="Parameters">
                            <Collection>
                                <Record Type="com.sap.vocabularies.Common.v1.ValueListParameterInOut">
                                    <PropertyValue Property="LocalDataProperty" PropertyPath="CDF_ERR_DOUBLE_V"/>
                                    <PropertyValue Property="ValueListProperty" String="Value"/>
                                </Record>
                                <Record Type="com.sap.vocabularies.Common.v1.ValueListParameterDisplayOnly">
                                    <PropertyValue Property="ValueListProperty" String="Description"/>
                                </Record>
                            </Collection>
                        </PropertyValue>
                    </Record>
                </Annotation>
            </Annotations>
        </Schema>
    </edmx:DataServices>
	<head/>
</edmx:Edmx>