<mvc:View xmlns:core="sap.ui.core" xmlns:mvc="sap.ui.core.mvc" xmlns="sap.m"  xmlns:l="sap.ui.commons.layout"
	 xmlns:t="sap.ui.table" xmlns:f="sap.ui.layout.form" id="sap.grc.acs.aud.audit.approvepreparation.extended.block.searchComponent.SearchComponent"
	controllerName="sap.grc.acs.aud.audit.approvepreparation.extended.block.searchComponent.SearchComponent" xmlns:html="http://www.w3.org/1999/xhtml">
<Dialog id = "popup">
	<VBox> 
	<SearchField id="searchField" ></SearchField>
	
		<Table id="searchResults"  height="100%" width="100%" items="{/results}">

			<columns>
				<Column hAlign="Left">
					<Label text="{i18nm>company}" design="Bold"></Label> <!-- TODO: i18n -->
				</Column>
				<Column hAlign="Left">
					<Label text="{i18nm>dept}" design="Bold"></Label> <!-- TODO: i18n -->
				</Column>
				<Column hAlign="Left">
					<Label text="{i18nm>centre}" design="Bold"></Label> <!-- TODO: i18n -->
				</Column>
				<Column hAlign="Left">
					<Label text="{i18nm>resp}" design="Bold"></Label> <!-- TODO: i18n -->
				</Column>
			</columns>
			<items>
				<ColumnListItem>
					<cells>
						<Label text="{Company}"/>
						<Label text="{Department}"/>
						<Label text="{DepartmentName}"/>
						<Label text="{FullnameResp1}"/>
					</cells>
				</ColumnListItem>	
			</items>
		</Table>
		<content>
						
						<Button id = "addBtn"
							text = "{i18nm>add}" 
						>
						</Button>
						<Button id = "cancelBtn"
							text = "{i18nm>cancel}" 
							press="onCancel"
						>
						</Button>
					</content>
	</VBox>
</Dialog>	
</mvc:View>