<!--

    Copyright (C) 2009-2020 SAP SE or an SAP affiliate company. All rights reserved.

-->
<core:FragmentDefinition xmlns:core="sap.ui.core" xmlns:mvc="sap.ui.core.mvc" xmlns="sap.m"
	id="sap.grc.acs.aud.audit.track.extended.block.fragment.addEncuestas" controllerName="sap.grc.acs.aud.audit.track.extended.block.controller.Encuestas"
	xmlns:smartTable="sap.ui.comp.smarttable" xmlns:html="http://www.w3.org/1999/xhtml">
	<smartTable:SmartTable id="addEncuestasSmartTable" smartFilterId="smartFilterBar" tableType="ResponsiveTable"
		useExportToExcel="false" useVariantManagement="false" useTablePersonalisation="true" showRowCount="true"
		persistencyKey="SmartTableAnalytical_addFindRel" enableAutoBinding="true" 		class="sapUiResponsiveContentPadding" demandPopin="true" 		
		initiallyVisibleFields="ID,Sequence,Title,TypeText,CategoryText,RankingText,StatusText,ActionCount,OrgID"
		requestAtLeastFields="DBKey,OrgKey,ID,Sequence,Title,TypeText,CategoryText,RankingText,Status,StatusText,ActionCount,OrgID,OrgName,ImportedOrg,OrgTimestamp"
		ignoreFromPersonalisation="DBKey,AuditGroup,AuditKey,OrgKey,OrgTimestamp,ImportedOrg,AuditTitle,Type,Status,Recommendation,Description,Criteria,CauseDescription,ConditionDescription,ConsequenceDescription,Category,Tags,CreatedBy,LastChangedBy">
				<smartTable:customToolbar id="customerToolBar">
			<Toolbar>
				<Title text="{i18n>labelAccessibility}" visible="false"></Title>
			</Toolbar>
		</smartTable:customToolbar>
		<Table id="addEncuestas" mode="MultiSelect" ariaLabelledBy="findhiddenText1" updateFinished="onUpdateFinished" items="{/EncuestasData}">
			<columns>
				<Column hAlign="Left">
					<customData>
						<core:CustomData key="p13nData" value='\{"columnKey": "topic_text","sortProperty": "topic_text", "filterProperty": "topic_text", "columnIndex":"0"}'/>
					</customData>
					<Text text="{i18n>colUsuario}"/>
				</Column>		
				<Column hAlign="Left">
					<customData>
						<core:CustomData key="p13nData" value='\{"columnKey": "subtopic_text","sortProperty": "subtopic_text", "filterProperty": "subtopic_text","columnIndex":"2"}'/>
					</customData>
					<Text text="{i18n>colNombre}"/>
				</Column>
				<Column hAlign="Left">
					<customData>
						<core:CustomData key="p13nData"
							value='\{"columnKey": "TypeText","sortProperty": "TypeText", "filterProperty": "TypeText", "columnIndex":"3"}'/>
					</customData>
					<Text text="{i18n>colEmail}"/>
				</Column>
				
			</columns>
			<items>
				<ColumnListItem>
					<cells>					
						<Text text="{UserId}"/>
						<Text text="{FullName}"/>
						<Text text="{Email}"/>	
					</cells>
				</ColumnListItem>
			</items>
		</Table>
	</smartTable:SmartTable>
</core:FragmentDefinition>

