{
  "_version": "1.1.0",
  "resources": [
    {
      "name": "Component-dbg.js",
      "module": "sap/grc/acs/aud/finding/display/extended/Component.js",
      "isDebug": true,
      "required": [
        "sap/ui/core/UIComponent.js",
        "sap/ui/Device.js",
        "sap/grc/acs/aud/finding/app/Component.js"
      ]
    },

    {
      "name": "Component.js",
      "module": "sap/grc/acs/aud/finding/display/extended/Component.js",
      "required": [
        "sap/ui/core/UIComponent.js",
        "sap/ui/Device.js",
        "sap/grc/acs/aud/finding/app/Component.js"
      ]
    },
    {
      "name": "i18n/i18n.properties",
      "module": "sap/grc/acs/aud/finding/display/extended/i18n/i18n.properties",
      "locale": "",
      "raw": "i18n/i18n.properties"
    },
    {
      "name": "i18n/i18n_ar.properties",
      "module": "sap/grc/acs/aud/finding/display/extended/i18n/i18n_ar.properties",
      "locale": "ar",
      "raw": "i18n/i18n.properties"
    },
    {
      "name": "i18n/i18n_cs.properties",
      "module": "sap/grc/acs/aud/finding/display/extended/i18n/i18n_cs.properties",
      "locale": "cs",
      "raw": "i18n/i18n.properties"
    },
    {
      "name": "i18n/i18n_de.properties",
      "module": "sap/grc/acs/aud/finding/display/extended/i18n/i18n_de.properties",
      "locale": "de",
      "raw": "i18n/i18n.properties"
    },
    {
      "name": "i18n/i18n_en.properties",
      "module": "sap/grc/acs/aud/finding/display/extended/i18n/i18n_en.properties",
      "locale": "en",
      "raw": "i18n/i18n.properties"
    },
    {
      "name": "i18n/i18n_en_US_sappsd.properties",
      "module": "sap/grc/acs/aud/finding/display/extended/i18n/i18n_en_US_sappsd.properties",
      "locale": "en_US_sappsd",
      "raw": "i18n/i18n.properties"
    },
    {
      "name": "i18n/i18n_en_US_saptrc.properties",
      "module": "sap/grc/acs/aud/finding/display/extended/i18n/i18n_en_US_saptrc.properties",
      "locale": "en_US_saptrc",
      "raw": "i18n/i18n.properties"
    },
    {
      "name": "i18n/i18n_es.properties",
      "module": "sap/grc/acs/aud/finding/display/extended/i18n/i18n_es.properties",
      "locale": "es",
      "raw": "i18n/i18n.properties"
    },
    {
      "name": "i18n/i18n_fr.properties",
      "module": "sap/grc/acs/aud/finding/display/extended/i18n/i18n_fr.properties",
      "locale": "fr",
      "raw": "i18n/i18n.properties"
    },
    {
      "name": "i18n/i18n_hu.properties",
      "module": "sap/grc/acs/aud/finding/display/extended/i18n/i18n_hu.properties",
      "locale": "hu",
      "raw": "i18n/i18n.properties"
    },
    {
      "name": "i18n/i18n_iw.properties",
      "module": "sap/grc/acs/aud/finding/display/extended/i18n/i18n_iw.properties",
      "locale": "iw",
      "raw": "i18n/i18n.properties"
    },
    {
      "name": "i18n/i18n_ja.properties",
      "module": "sap/grc/acs/aud/finding/display/extended/i18n/i18n_ja.properties",
      "locale": "ja",
      "raw": "i18n/i18n.properties"
    },
    {
      "name": "i18n/i18n_nl.properties",
      "module": "sap/grc/acs/aud/finding/display/extended/i18n/i18n_nl.properties",
      "locale": "nl",
      "raw": "i18n/i18n.properties"
    },
    {
      "name": "i18n/i18n_pl.properties",
      "module": "sap/grc/acs/aud/finding/display/extended/i18n/i18n_pl.properties",
      "locale": "pl",
      "raw": "i18n/i18n.properties"
    },
    {
      "name": "i18n/i18n_pt.properties",
      "module": "sap/grc/acs/aud/finding/display/extended/i18n/i18n_pt.properties",
      "locale": "pt",
      "raw": "i18n/i18n.properties"
    },
    {
      "name": "i18n/i18n_ro.properties",
      "module": "sap/grc/acs/aud/finding/display/extended/i18n/i18n_ro.properties",
      "locale": "ro",
      "raw": "i18n/i18n.properties"
    },
    {
      "name": "i18n/i18n_ru.properties",
      "module": "sap/grc/acs/aud/finding/display/extended/i18n/i18n_ru.properties",
      "locale": "ru",
      "raw": "i18n/i18n.properties"
    },
    {
      "name": "i18n/i18n_sl.properties",
      "module": "sap/grc/acs/aud/finding/display/extended/i18n/i18n_sl.properties",
      "locale": "sl",
      "raw": "i18n/i18n.properties"
    },
    {
      "name": "i18n/i18n_tr.properties",
      "module": "sap/grc/acs/aud/finding/display/extended/i18n/i18n_tr.properties",
      "locale": "tr",
      "raw": "i18n/i18n.properties"
    },
    {
      "name": "i18n/i18n_uk.properties",
      "module": "sap/grc/acs/aud/finding/display/extended/i18n/i18n_uk.properties",
      "locale": "uk",
      "raw": "i18n/i18n.properties"
    },
    {
      "name": "i18n/i18n_zh_CN.properties",
      "module": "sap/grc/acs/aud/finding/display/extended/i18n/i18n_zh_CN.properties",
      "locale": "zh_CN",
      "raw": "i18n/i18n.properties"
    }, 
    {
      "name": "manifest.json",
      "module": "sap/grc/acs/aud/finding/display/extended/manifest.json"
    },
      
     {
      "name": "Controller/ObjectExtended.controller.js",
      "module": "sap/grc/acs/aud/finding/display/extended/Controller/ObjectExtended.controller.js"
    },   
    
      {
      "name": "view/ActionPlan.view.xml",
      "module": "sap/grc/acs/aud/finding/display/extended/block/view/ActionPlan.view.xml"
    },  
    {"name":"util/MenuItemUtils.js",
	"module":"sap/grc/acs/aud/finding/display/extended/util/MenuItemUtils.js"
},

    {
      "name": "view/Object.view.xml", 
      "module": "sap/grc/acs/aud/finding/display/extended/view/Object.view.xml"
    },
		  
    {
      "name": "block/view/ActionPlanRelated.view.xml",
      "module": "sap/grc/acs/aud/finding/display/extended/block/view/ActionPlanRelated.view.xml"
    },
    
    {
      "name": "block/controller/ActionPlanRelated.controller.js",
      "module": "sap/grc/acs/aud/finding/display/extended/block/controller/ActionPlanRelated.controller.js"
    }, 
    { "name": "util/encodingUtils.js",
      "module": "sap/grc/acs/aud/finding/display/extended/block/util/encodingUtils.js"
    },
    {
      "name": "resources.json"
    },
    {
      "name": "version.json"
    }
  ]
}