{
	"results":[
		{
			"RiskId":"1122342",
			"RiskTitle": "Titulo riesgo 1",
			"InAudit": "1"		
		},
		{
			"RiskId":"11225",
			"RiskTitle": "Titulo riesgo 2",
			"InAudit": "1"		
		},
		{
			"RiskId":"12355655",
			"RiskTitle": "Titulo riesgo 3",
			"InAudit": "0"		
		},
		{
			"RiskId":"17e5465",
			"RiskTitle": "Titulo riesgo 4",
			"InAudit": "0"		
		},
		{
			"RiskId":"1654665",
			"RiskTitle": "Titulo riesgo 5",
			"InAudit": "0"		
		},
		{
			"RiskId":"177567",
			"RiskTitle": "Titulo riesgo 6",
			"InAudit": "1"		
		},
		{
			"RiskId":"11234545",
			"RiskTitle": "Titulo riesgo 7",
			"InAudit": "0"		
		},
		{
			"RiskId":"8567675",
			"RiskTitle": "Titulo riesgo 8",
			"InAudit": "1"		
		}
	]
}